sentence,category
39279 trip,Entertainment
netflix salli 23828,Entertainment
39703 outing,Entertainment
lost salli 11206,Other
290 තේ බොන්න,Food
adventure salli 42291,Entertainment
47855 payment,Finance
පොත් වලට 4866,Education
බනිස් 26041,Food
19177 දවල් කෑමට,Food
21563 poth,Education
bakery salli 11072,Food
28003 බඩු ගත්තා,Shopping
21254 mobitel,Utilities
වතුර බිල salli 5375,Utilities
lunch Rs.13098,Food
clothes Rs.16779,Shopping
wifi 36354,Utilities
13508 skincare,Personal Care
41885 trip,Entertainment
dhal Rs.38857,Shopping
match ticket Rs.42541,Entertainment
bag 6700,Shopping
subway salli 36087,Food
meat 24538,Shopping
24815 soap,Personal Care
36468 සපත්තු,Shopping
stock Rs.27977,Finance
39931 short eats,Food
uber Rs.5504,Transport
13325 kewa,Food
wedding 22862,Gifts & Charity
ගෑස් 32696,Utilities
tax Rs.3099,Finance
9906 තෙල්,Transport
broadband 10078,Utilities
petrol Rs.3484,Transport
stock salli 16978,Finance
meat Rs.26824,Shopping
17391 salon,Personal Care
shaving 29184,Personal Care
dialog salli 35194,Utilities
pin salli 5130,Gifts & Charity
44030 බර්ත්ඩේ,Gifts & Charity
48346 ෆිල්ම්,Entertainment
spa salli 979,Personal Care
17775 pants,Shopping
28144 rice bag,Shopping
netflix 32270,Entertainment
පොත් වලට salli 2320,Education
poth 31516,Education
20807 නයි පියවන්න,Finance
tuition salli 49038,Education
workshop Rs.7770,Education
fiber 40192,Utilities
soap 26521,Personal Care
don't know Rs.24260,Other
bakery salli 26409,Food
49484 religious,Gifts & Charity
wedding 38304,Gifts & Charity
hair cut salli 13091,Personal Care
27786 general,Other
reload Rs.18555,Utilities
bike service 41923,Transport
club salli 3022,Entertainment
7840 wedding,Gifts & Charity
helping Rs.19529,Gifts & Charity
12844 ලයිට් බිල,Utilities
බිල් එකට salli 23678,Utilities
වෙනත් Rs.47678,Other
postpaid Rs.49024,Utilities
mobitel Rs.23902,Utilities
ආධාර Rs.11729,Gifts & Charity
39403 bus,Transport
vacation salli 39794,Entertainment
car wash Rs.38719,Transport
arpico 8366,Shopping
10038 present,Gifts & Charity
bus salli 43287,Transport
27229 coursera,Education
සපත්තු Rs.6340,Shopping
බිල් එකට 32085,Utilities
ලෝන් එකට Rs.22832,Finance
cash 37979,Other
shaving 47094,Personal Care
club Rs.37562,Entertainment
කෝච්චියට 47845,Transport
rice Rs.228,Food
helping Rs.41069,Gifts & Charity
41945 mobitel,Utilities
wade salli 33605,Food
28298 fiber,Utilities
helping Rs.1643,Gifts & Charity
rice bag salli 8164,Shopping
15865 university,Education
31196 doctor,Health
hair color salli 1793,Personal Care
4455 lost,Other
religious Rs.28000,Gifts & Charity
beer salli 36088,Entertainment
spotify Rs.33833,Entertainment
outing Rs.48609,Entertainment
online course Rs.11487,Education
දානය 48678,Gifts & Charity
චැනලින් 36713,Health
තෙල් 43617,Transport
21104 චැනලින්,Health
37555 milk powder,Shopping
නිකම්ම salli 23772,Other
donation Rs.11150,Gifts & Charity
8790 pants,Shopping
rice and curry Rs.10669,Food
පින් වලට 47570,Gifts & Charity
other salli 46956,Other
slt bill Rs.43642,Utilities
බත් Rs.32748,Food
සෙල්ලම් කරන්න salli 12679,Entertainment
prepaid 313,Utilities
phone bill 14114,Utilities
42308 restaurant,Food
කඩෙන් කෑවා 32534,Food
gaming 37411,Entertainment
prepaid 29470,Utilities
37291 streaming,Entertainment
meat salli 39447,Shopping
arpico salli 49569,Shopping
breakfast salli 26768,Food
28991 ගෑස්,Utilities
makeup Rs.2349,Personal Care
තෑගි Rs.30005,Gifts & Charity
unknown 29759,Other
gift salli 26251,Gifts & Charity
36047 rice bag,Shopping
subway Rs.44376,Food
lunch 16201,Food
perfume 28604,Personal Care
health insurance salli 8232,Health
31462 burger,Food
ණය salli 21091,Finance
meat salli 3028,Shopping
barber Rs.17682,Personal Care
operation salli 13505,Health
27487 game,Entertainment
reload 38957,Utilities
kema 35494,Food
29731 operation,Health
නිකම්ම salli 5469,Other
payment 38602,Finance
broadband salli 35069,Utilities
32756 internet,Utilities
helping Rs.874,Gifts & Charity
lab Rs.45428,Health
කෝච්චියට 42569,Transport
other salli 11698,Other
33724 loan,Finance
beauty 25617,Personal Care
milk powder Rs.33604,Shopping
garbage fee Rs.45149,Utilities
loan Rs.47499,Finance
ayurvedic 11542,Health
tuition Rs.36755,Education
fiber salli 28385,Utilities
බඩු ගත්තා 11767,Shopping
coffee salli 20203,Food
19624 crypto,Finance
28744 fare,Transport
rice Rs.13043,Food
ඩිසල් 41081,Transport
soap Rs.44503,Personal Care
lunch salli 25463,Food
sugar salli 49853,Shopping
degree Rs.21341,Education
24693 spa,Personal Care
shampoo salli 29699,Shopping
10852 සපත්තු,Shopping
34527 cool drink,Food
9082 fiber,Utilities
postpaid 41503,Utilities
11934 කඩෙන් කෑවා,Food
credit card salli 24065,Finance
මුදල් Rs.18985,Other
pocket money salli 25499,Other
19796 stationary,Education
47467 ආධාර,Gifts & Charity
medical test 24810,Health
match ticket 33586,Entertainment
auto Rs.13316,Transport
rice 7569,Food
බිල් එකට 49727,Utilities
beer Rs.34949,Entertainment
ණය salli 48594,Finance
47605 pants,Shopping
මේකප් salli 11183,Personal Care
විභාග ගාස්තු salli 4778,Education
coursera Rs.7522,Education
20355 ෆාමසි,Health
game 2002,Entertainment
watch 19959,Shopping
offer salli 32493,Gifts & Charity
43909 dental,Health
threewheel salli 37937,Transport
soap Rs.9766,Personal Care
dialog 19284,Utilities
වෙනත් salli 26588,Other
party salli 45854,Entertainment
තෑගි salli 1679,Gifts & Charity
donation salli 45201,Gifts & Charity
bus 31517,Transport
hotel bill Rs.7299,Food
27403 drink,Food
poth Rs.28769,Education
match ticket Rs.16373,Entertainment
dental 43167,Health
19716 unknown,Other
27459 gym,Personal Care
breakfast 25122,Food
reload Rs.13422,Utilities
19314 season,Transport
tire change 13188,Transport
vehicle repair salli 43291,Transport
බනිස් salli 24953,Food
vacation Rs.22941,Entertainment
42457 lunch,Food
restaurant Rs.44904,Food
dansal Rs.18583,Gifts & Charity
28290 interest,Finance
22545 makeup,Personal Care
රීලෝඩ් salli 19733,Utilities
hair cut 34868,Personal Care
vitamin 30324,Health
phone bill salli 13095,Utilities
perfume salli 28803,Personal Care
watch Rs.39037,Shopping
recharge Rs.42520,Utilities
other Rs.2482,Other
dialog 17192,Utilities
physio salli 18097,Health
gift 42780,Gifts & Charity
කොත්තු salli 17448,Food
අතින් ගියා 43902,Other
ayurvedic Rs.12810,Health
ayurvedic Rs.41793,Health
prepaid Rs.4376,Utilities
43693 investment,Finance
38132 udemy,Education
party salli 44622,Entertainment
පන්ති ගාස්තු Rs.12491,Education
general Rs.16899,Other
සෙල්ලම් කරන්න 28662,Entertainment
pharmacy salli 31872,Health
කොණ්ඩය කැපුවා Rs.18124,Personal Care
meat Rs.38898,Shopping
poth Rs.3404,Education
35719 ත්‍රීවීල්,Transport
ඩොක්ටර්ට 21927,Health
18444 garbage fee,Utilities
1723 youtube premium,Entertainment
dialog salli 9010,Utilities
6368 stock,Finance
නයි පියවන්න salli 21159,Finance
9046 hutch,Utilities
අතින් ගියා 27708,Other
recharge 11199,Utilities
cash Rs.9109,Other
ayurvedic salli 25762,Health
poth salli 19924,Education
41348 ගෑස්,Utilities
hoppers 30529,Food
hospital Rs.10420,Health
misc 40743,Other
19576 ෆිල්ම්,Entertainment
ණය salli 2316,Finance
බඩු ගත්තා salli 13334,Shopping
නිකම්ම 25224,Other
beer 37415,Entertainment
exam fee Rs.31906,Education
barber salli 7038,Personal Care
payment salli 44440,Finance
29542 pocket money,Other
charity Rs.28997,Gifts & Charity
beach 33873,Entertainment
other 43887,Other
credit card 32625,Finance
general Rs.2936,Other
බනිස් 37650,Food
misc salli 44304,Other
ආධාර Rs.21057,Gifts & Charity
trip Rs.36527,Entertainment
5959 pants,Shopping
42800 බෙහෙත් වලට,Health
online course salli 9804,Education
ලයිට් බිල salli 6366,Utilities
library Rs.38791,Education
highway toll Rs.24512,Transport
show 29765,Entertainment
වෙනත් salli 49389,Other
diesel salli 23261,Transport
බර්ත්ඩේ 14663,Gifts & Charity
29529 broadband,Utilities
leasing salli 36592,Finance
book 16833,Education
නිකම්ම Rs.5757,Other
16168 තෑගි,Gifts & Charity
degree salli 30234,Education
අතින් ගියා salli 9787,Other
4758 pen and paper,Education
රීලෝඩ් salli 33417,Utilities
recharge Rs.29094,Utilities
ayurvedic Rs.20409,Health
coursera salli 24938,Education
youtube premium 39095,Entertainment
රීලෝඩ් 47124,Utilities
club Rs.30056,Entertainment
bakery Rs.27039,Food
kewa salli 7804,Food
45543 pen and paper,Education
leasing 15533,Finance
poth 46536,Education
lost 43460,Other
online course salli 14428,Education
fiber 11610,Utilities
fiber salli 20976,Utilities
fitness Rs.24254,Health
බස් එකට salli 23035,Transport
doctor 40738,Health
electricity salli 35451,Utilities
bus salli 41208,Transport
panthi salli 40902,Education
operation 19632,Health
747 dansal,Gifts & Charity
cash salli 44044,Other
26643 cool drink,Food
biscuit salli 39505,Food
club 39639,Entertainment
45036 තෙල්,Transport
clinic 3063,Health
watch salli 48499,Shopping
29624 බර්ත්ඩේ,Gifts & Charity
පොත් වලට salli 26162,Education
34927 credit card,Finance
spent Rs.26590,Other
28359 රීලෝඩ්,Utilities
34398 beer,Entertainment
lunch salli 34639,Food
poth Rs.10598,Education
ඩිසල් Rs.18227,Transport
43353 loan,Finance
hair cut salli 32052,Personal Care
4954 cash,Other
5310 fitness,Health
perfume Rs.30200,Personal Care
rice bag 30323,Shopping
perfume salli 40920,Personal Care
adventure 43003,Entertainment
18166 postpaid,Utilities
broadband Rs.11593,Utilities
birthday salli 15303,Gifts & Charity
birthday Rs.3612,Gifts & Charity
pickme food salli 7701,Food
university salli 25801,Education
40761 subway,Food
physio salli 32486,Health
1231 stock,Finance
stationary salli 37614,Education
2313 vegetables,Shopping
dhal salli 45062,Shopping
26841 fitness,Health
broadband Rs.23004,Utilities
tire change 45410,Transport
watch 44834,Shopping
crypto salli 43853,Finance
47170 alms,Gifts & Charity
අතින් ගියා Rs.38005,Other
ෆිල්ම් Rs.23975,Entertainment
shaving 21542,Personal Care
shaving salli 36131,Personal Care
sugar salli 9877,Shopping
milk powder Rs.9060,Shopping
medicine salli 10819,Health
වෙනත් salli 43676,Other
grocery Rs.19093,Shopping
මුදල් Rs.36863,Other
leasing Rs.3069,Finance
ජිම් එකට 5624,Personal Care
බත් Rs.23102,Food
ayurvedic 14289,Health
electricity Rs.10898,Utilities
35109 grocery,Shopping
other salli 3249,Other
kewa Rs.36302,Food
මුදල් salli 24982,Other
keells salli 47342,Shopping
car wash Rs.31558,Transport
garbage fee Rs.24519,Utilities
grocery 10650,Shopping
perfume salli 41258,Personal Care
අතමාරු ගත්තා 16475,Finance
stationary salli 28092,Education
7650 cool drink,Food
finance Rs.38770,Finance
සපත්තු salli 11875,Shopping
39015 චැනලින්,Health
වෙනත් salli 2753,Other
university 48648,Education
මේකප් 21505,Personal Care
වෙනත් Rs.32523,Other
අතින් ගියා Rs.25736,Other
16180 fitness,Health
5313 අතින් ගියා,Other
mobitel salli 35680,Utilities
youtube premium 1080,Entertainment
donation Rs.45172,Gifts & Charity
42850 beheth,Health
tire change 6298,Transport
hair color Rs.19345,Personal Care
beauty salli 44090,Personal Care
4087 interest,Finance
makeup Rs.9073,Personal Care
broadband 36256,Utilities
credit card 46242,Finance
helping salli 9191,Gifts & Charity
stock Rs.39878,Finance
තෑගි Rs.4493,Gifts & Charity
channeling Rs.40214,Health
religious salli 44988,Gifts & Charity
tax salli 14523,Finance
prepaid Rs.11179,Utilities
kitchen items 17574,Shopping
bakery Rs.31400,Food
dansal salli 33323,Gifts & Charity
2839 අතින් ගියා,Other
45554 චැනලින්,Health
නිකම්ම Rs.2403,Other
show 15521,Entertainment
show salli 8712,Entertainment
gas salli 10317,Utilities
exam fee salli 43832,Education
49479 bag,Shopping
shaving Rs.36871,Personal Care
pharmacy Rs.40656,Health
කොත්තු 29299,Food
33743 grocery,Shopping
insurance 34969,Finance
45324 other,Other
misc Rs.6420,Other
present Rs.43230,Gifts & Charity
බඩු ගත්තා Rs.14050,Shopping
bank fee salli 7499,Finance
hoppers salli 29071,Food
auto Rs.7330,Transport
cash salli 6286,Other
32812 bag,Shopping
ට්‍රිප් 16702,Entertainment
22343 පන්ති ගාස්තු,Education
drink salli 20035,Food
බෙහෙත් වලට salli 30438,Health
milk powder 13508,Shopping
keells salli 20985,Shopping
pickme food Rs.45183,Food
විභාග ගාස්තු Rs.36522,Education
internet Rs.49569,Utilities
27127 wade,Food
කෝස් එකට salli 9382,Education
cool drink 17298,Food
vitamin Rs.21075,Health
බඩු ගත්තා Rs.47668,Shopping
43341 coffee,Food
8076 dental,Health
perfume salli 10138,Personal Care
269 current bill,Utilities
class fee salli 36041,Education
donation Rs.31633,Gifts & Charity
22701 tire change,Transport
leasing 814,Finance
other Rs.18246,Other
season salli 43730,Transport
stock Rs.11085,Finance
lab salli 20438,Health
5735 auto,Transport
20607 පොත් වලට,Education
30429 season,Transport
present 18105,Gifts & Charity
ෆාමසි Rs.25094,Health
pizza 24504,Food
විනෝදෙට Rs.47761,Entertainment
street food Rs.23423,Food
දවල් කෑමට Rs.7932,Food
perfume 8532,Personal Care
දානය Rs.6521,Gifts & Charity
11146 interest,Finance
47497 cinema,Entertainment
general 15904,Other
shoppin salli 3087,Shopping
1452 සපත්තු,Shopping
mobitel salli 44397,Utilities
බිල් එකට salli 34632,Utilities
don't know Rs.15473,Other
arpico salli 16032,Shopping
book Rs.19702,Education
නිකම්ම Rs.47610,Other
11148 trip,Entertainment
49457 තෙල්,Transport
unknown 30005,Other
pocket money Rs.27403,Other
5542 bank fee,Finance
lost Rs.6018,Other
car wash salli 43674,Transport
අතින් ගියා 31427,Other
මේකප් Rs.37948,Personal Care
බර්ත්ඩේ salli 19070,Gifts & Charity
spent 22346,Other
beer Rs.15735,Entertainment
13799 ubereats,Food
birthday 40443,Gifts & Charity
barber salli 27883,Personal Care
pin salli 7517,Gifts & Charity
recharge salli 38382,Utilities
beheth Rs.32879,Health
ඇඳුම් ගත්තා Rs.44585,Shopping
pizza Rs.6436,Food
gym Rs.48654,Personal Care
13486 medicine,Health
gas 38654,Utilities
watch salli 21649,Shopping
recharge 41218,Utilities
33616 outing,Entertainment
daraz salli 31687,Shopping
present Rs.39125,Gifts & Charity
bill 45957,Utilities
fish salli 17381,Shopping
other 12485,Other
46590 body lotion,Personal Care
6020 auto,Transport
11481 vacation,Entertainment
31935 gift,Gifts & Charity
outing salli 31989,Entertainment
helping salli 45172,Gifts & Charity
අතින් ගියා salli 15442,Other
car wash 27692,Transport
class fee salli 8605,Education
8519 petrol,Transport
match ticket Rs.27861,Entertainment
shoes salli 32450,Shopping
soap salli 11767,Personal Care
shampoo salli 34470,Shopping
milk powder salli 41303,Shopping
parking salli 47292,Transport
සපත්තු Rs.3423,Shopping
short eats salli 23115,Food
alms Rs.3083,Gifts & Charity
ෆාමසි 2227,Health
47213 hospital,Health
car wash 3469,Transport
17838 medicine,Health
body lotion 11937,Personal Care
24648 vacation,Entertainment
36015 නිකම්ම,Other
clinic 2071,Health
fish 6412,Shopping
leasing Rs.26595,Finance
30997 බනිස්,Food
finance salli 31206,Finance
medicine Rs.34431,Health
21807 lunch,Food
fare Rs.43380,Transport
පොත් වලට salli 30476,Education
10315 coursera,Education
චැනලින් salli 5173,Health
16061 offer,Gifts & Charity
credit card Rs.7884,Finance
28644 operation,Health
season 18934,Transport
ෆාමසි salli 37104,Health
cash salli 14450,Other
බර්ත්ඩේ salli 14207,Gifts & Charity
2022 diesel,Transport
බර්ත්ඩේ Rs.45881,Gifts & Charity
kema Rs.12423,Food
spa 41888,Personal Care
snacks 32973,Food
10242 shoppin,Shopping
investment salli 11639,Finance
5368 leasing,Finance
18891 bag,Shopping
birthday salli 44032,Gifts & Charity
13130 ඉන්ෂුවරන්ස්,Finance
library Rs.20030,Education
bank fee Rs.9397,Finance
15282 ඩොක්ටර්ට,Health
5358 කෑම,Food
hospital Rs.22498,Health
stock Rs.43712,Finance
කෝස් එකට salli 2028,Education
don't know Rs.21579,Other
13804 petrol,Transport
eye check salli 31469,Health
11665 stock,Finance
donation salli 36997,Gifts & Charity
general Rs.13963,Other
24219 බනිස්,Food
charity Rs.2159,Gifts & Charity
skincare 39274,Personal Care
3692 ඩිසල්,Transport
42568 අතින් ගියා,Other
pickme food salli 13609,Food
concert 39122,Entertainment
කෑම Rs.23041,Food
පන්ති ගාස්තු salli 334,Education
soap salli 44036,Shopping
kitchen items salli 5698,Shopping
ayurvedic salli 13850,Health
beauty 9547,Personal Care
49794 recharge,Utilities
class fee Rs.35726,Education
vegetables salli 33761,Shopping
16028 rice and curry,Food
finance Rs.29932,Finance
ayurvedic salli 18564,Health
35848 පෑන් පැන්සල්,Education
21890 මුදල්,Other
birthday Rs.40209,Gifts & Charity
37888 trimming,Personal Care
පෙට්‍රල් salli 39185,Transport
coffee 13526,Food
misc salli 30841,Other
hair cut 24127,Personal Care
බනිස් 31952,Food
cash 16394,Other
university 38719,Education
degree 42843,Education
49860 pharmacy,Health
ayurvedic salli 43159,Health
බෙහෙත් වලට salli 36979,Health
බඩු ගත්තා Rs.16275,Shopping
සැලෝන් එකට Rs.21487,Personal Care
exam fee 3791,Education
diesel 48660,Transport
online course Rs.8380,Education
hoppers salli 29103,Food
body lotion 3762,Personal Care
misc Rs.359,Other
කඩෙන් කෑවා salli 41269,Food
මුදල් Rs.10698,Other
recharge 9082,Utilities
3166 දානය,Gifts & Charity
kema Rs.33692,Food
28954 මුදල්,Other
වතුර බිල Rs.9208,Utilities
eye check 44205,Health
37339 highway toll,Transport
soap 39365,Shopping
arpico 36515,Shopping
සැලෝන් එකට salli 28692,Personal Care
9936 birthday,Gifts & Charity
train 43618,Transport
pin salli 2661,Gifts & Charity
hotel bill 43916,Food
පන්ති ගාස්තු salli 30790,Education
library 13479,Education
සෙල්ලම් කරන්න Rs.44926,Entertainment
charity Rs.147,Gifts & Charity
16066 office go,Transport
religious salli 135,Gifts & Charity
පොත් වලට 18291,Education
අතමාරුව 11553,Finance
3904 water bill,Utilities
පෑන් පැන්සල් Rs.48338,Education
daraz Rs.30107,Shopping
wedding 32198,Gifts & Charity
24690 gas,Utilities
9311 water bill,Utilities
netflix salli 37169,Entertainment
49228 doctor,Health
අතමාරු ගත්තා Rs.44410,Finance
නිකම්ම 1637,Other
28432 චැනලින්,Health
තේ බොන්න Rs.47788,Food
23812 hutch,Utilities
ගෑස් Rs.45930,Utilities
gift Rs.1203,Gifts & Charity
religious salli 9591,Gifts & Charity
කෝච්චියට 30858,Transport
general 6335,Other
පින් වලට Rs.6871,Gifts & Charity
exam fee salli 2447,Education
liquor 19518,Entertainment
බඩු ගත්තා 17768,Shopping
medicine salli 27124,Health
bill 31688,Utilities
lost 31547,Other
5991 short eats,Food
කොණ්ඩය කැපුවා salli 49525,Personal Care
19256 highway toll,Transport
barber Rs.9164,Personal Care
taxi Rs.23606,Transport
40427 tuition,Education
electricity salli 14374,Utilities
pickme food salli 33317,Food
shoppin 16318,Shopping
unknown salli 46415,Other
1715 pocket money,Other
netflix Rs.28987,Entertainment
hair cut salli 15323,Personal Care
tea Rs.47618,Food
පින් වලට salli 21851,Gifts & Charity
beheth 25271,Health
short eats salli 41640,Food
රෑ කෑම salli 19074,Food
34250 කොත්තු,Food
general 28351,Other
interest 7208,Finance
donation salli 22154,Gifts & Charity
channeling Rs.33305,Health
workshop 2677,Education
tax 11591,Finance
investment 19521,Finance
25144 අතමාරු ගත්තා,Finance
panadol 36727,Health
don't know salli 36149,Other
finance 31012,Finance
ලයිට් බිල 44244,Utilities
19253 පින් වලට,Gifts & Charity
payment salli 24401,Finance
restaurant 8628,Food
trip 30164,Entertainment
නයි පියවන්න 25872,Finance
panthi salli 27645,Education
ලෝන් එකට Rs.42641,Finance
garbage fee Rs.41735,Utilities
ඩිසල් Rs.3752,Transport
49469 ජිම් එකට,Personal Care
ගෑස් Rs.10818,Utilities
channeling salli 28066,Health
subway Rs.9147,Food
23917 pickme food,Food
short eats salli 27715,Food
25771 පෑන් පැන්සල්,Education
මේකප් Rs.32831,Personal Care
ඉන්ෂුවරන්ස් 11944,Finance
ණය 7960,Finance
පොත් වලට 20743,Education
49608 kewa,Food
විනෝදෙට salli 38902,Entertainment
taxi salli 40150,Transport
ඩිසල් salli 40481,Transport
වෙනත් Rs.32277,Other
coursera Rs.46352,Education
බඩු ගත්තා 44850,Shopping
hospital 48567,Health
29378 soap,Personal Care
gaming 32942,Entertainment
අතමාරුව salli 47952,Finance
general 19246,Other
crypto 35213,Finance
charity 18333,Gifts & Charity
book salli 3044,Education
47315 trip,Entertainment
ආධාර Rs.3371,Gifts & Charity
workshop 10564,Education
beauty Rs.38830,Personal Care
car wash 13176,Transport
මුදල් 22343,Other
26588 garbage fee,Utilities
17743 makeup,Personal Care
soap Rs.37370,Shopping
ලෝන් එකට Rs.2539,Finance
garbage fee 37947,Utilities
30156 ලෝන් එකට,Finance
ගෑස් 13200,Utilities
dhal Rs.27439,Shopping
facewash Rs.4503,Personal Care
36166 විනෝදෙට,Entertainment
28850 don't know,Other
ayurvedic Rs.17462,Health
wade 6470,Food
ආධාර Rs.6646,Gifts & Charity
පින් වලට 24427,Gifts & Charity
බිල් එකට 11213,Utilities
බෙහෙත් වලට Rs.43882,Health
පොත් වලට salli 24264,Education
4990 cinema,Entertainment
insurance Rs.19696,Finance
auto Rs.27770,Transport
මේකප් Rs.22900,Personal Care
religious Rs.8438,Gifts & Charity
38879 පෙට්‍රල්,Transport
wifi Rs.24248,Utilities
39347 sugar,Shopping
train salli 4714,Transport
garbage fee salli 18093,Utilities
home rent Rs.20008,Utilities
gym 38845,Personal Care
netflix Rs.28776,Entertainment
liquor Rs.10410,Entertainment
ෆිල්ම් Rs.905,Entertainment
නිකම්ම salli 43582,Other
lost Rs.6467,Other
trip Rs.25053,Entertainment
soap Rs.45169,Personal Care
hotel bill salli 11241,Food
leasing Rs.46753,Finance
pants 31782,Shopping
වෙනත් Rs.37261,Other
panthi salli 18704,Education
dentist 12429,Health
kema salli 18157,Food
lost 22420,Other
barber salli 28893,Personal Care
46989 pin,Gifts & Charity
tax 6661,Finance
29304 course,Education
snacks Rs.14244,Food
29858 ඇඳුම් ගත්තා,Shopping
පන්ති ගාස්තු salli 40715,Education
rice and curry 920,Food
gift salli 20793,Gifts & Charity
25685 misc,Other
කෝස් එකට 37041,Education
taxi Rs.18637,Transport
27724 postpaid,Utilities
32767 කෑම,Food
dhal salli 34725,Shopping
meat 44304,Shopping
body lotion Rs.16783,Personal Care
pants salli 20806,Shopping
body lotion 28357,Personal Care
පින් වලට 48062,Gifts & Charity
13796 insurance,Finance
මුදල් Rs.12748,Other
show salli 17456,Entertainment
course Rs.26568,Education
course Rs.43982,Education
කඩෙන් කෑවා salli 41289,Food
wifi salli 7555,Utilities
credit card salli 27532,Finance
shoppin 48656,Shopping
පෙට්‍රල් salli 23042,Transport
fitness Rs.47744,Health
49058 other,Other
religious salli 12905,Gifts & Charity
46470 ඩිසල්,Transport
බත් salli 17709,Food
breakfast Rs.42636,Food
36661 hutch,Utilities
soap 24736,Personal Care
රීලෝඩ් salli 24177,Utilities
home rent 21823,Utilities
alms Rs.45156,Gifts & Charity
operation Rs.43405,Health
spotify salli 22298,Entertainment
data salli 19469,Utilities
offer Rs.36184,Gifts & Charity
kottu salli 49671,Food
47721 පෙට්‍රල්,Transport
බෙහෙත් වලට salli 22814,Health
pickme 33552,Transport
3333 beer,Entertainment
hutch Rs.41848,Utilities
13527 alms,Gifts & Charity
31949 soap,Personal Care
gaming Rs.16773,Entertainment
clinic 47663,Health
threewheel Rs.21646,Transport
26819 supermarket,Shopping
වෙනත් 40847,Other
fitness Rs.36938,Health
concert 45964,Entertainment
33611 kewa,Food
gift Rs.47539,Gifts & Charity
ෆිල්ම් salli 38873,Entertainment
bag Rs.45307,Shopping
coursera salli 21511,Education
investment 15603,Finance
35158 pocket money,Other
16022 soap,Personal Care
10009 restaurant,Food
lost Rs.11832,Other
parking 13348,Transport
41254 spent,Other
රෑ කෑම Rs.23718,Food
14226 ත්‍රීවීල්,Transport
soap 6871,Personal Care
sugar Rs.5116,Shopping
සැලෝන් එකට 1240,Personal Care
soap salli 607,Personal Care
donation salli 18549,Gifts & Charity
විභාග ගාස්තු salli 47119,Education
31133 office go,Transport
panthi salli 45366,Education
24398 පොත් වලට,Education
netflix salli 32160,Entertainment
කෝස් එකට 20182,Education
gift Rs.42466,Gifts & Charity
course Rs.15680,Education
ත්‍රීවීල් Rs.18593,Transport
lost Rs.21777,Other
27887 misc,Other
postpaid 2214,Utilities
41339 shaving,Personal Care
eye check 37757,Health
vitamin 44432,Health
43893 spent,Other
cinema 49460,Entertainment
46715 pizza,Food
hotel bill Rs.41710,Food
other salli 25839,Other
unknown 15566,Other
mobitel 24162,Utilities
ට්‍රිප් salli 29146,Entertainment
salon 6657,Personal Care
panthi Rs.23674,Education
අතින් ගියා salli 23524,Other
concert Rs.34434,Entertainment
kema 16861,Food
2292 තෙල්,Transport
unknown Rs.9592,Other
degree 12838,Education
broadband 9466,Utilities
taxi Rs.48866,Transport
furniture Rs.34230,Shopping
චැනලින් salli 43130,Health
15948 skincare,Personal Care
data Rs.20875,Utilities
14952 කෝච්චියට,Transport
cool drink 37061,Food
keells salli 3532,Shopping
ලයිට් බිල Rs.49695,Utilities
14191 hospital,Health
tuition salli 26127,Education
hutch 43758,Utilities
gift salli 32771,Gifts & Charity
20977 spa,Personal Care
car wash 34612,Transport
home rent 4811,Utilities
show 46066,Entertainment
reload salli 43443,Utilities
panadol Rs.17319,Health
donation 31215,Gifts & Charity
present salli 46426,Gifts & Charity
beer 13370,Entertainment
16288 degree,Education
other salli 31108,Other
fiber Rs.39328,Utilities
pickme food Rs.33685,Food
other 32252,Other
අතමාරු ගත්තා Rs.37213,Finance
religious Rs.38006,Gifts & Charity
44904 dialog,Utilities
බත් salli 31526,Food
electricity 268,Utilities
21770 අතමාරුව,Finance
6300 crypto,Finance
32197 slt bill,Utilities
5000 විනෝදෙට,Entertainment
3623 විභාග ගාස්තු,Education
adventure Rs.22917,Entertainment
kema Rs.30858,Food
27270 donation,Gifts & Charity
28815 spotify,Entertainment
33746 channeling,Health
16925 beach,Entertainment
lost Rs.3255,Other
4277 ඩොක්ටර්ට,Health
39646 perfume,Personal Care
eye check Rs.17332,Health
body lotion salli 22512,Personal Care
ආධාර salli 40524,Gifts & Charity
skincare 2319,Personal Care
සැලෝන් එකට salli 2104,Personal Care
තෙල් Rs.29122,Transport
reload salli 1030,Utilities
18246 දවල් කෑමට,Food
finance Rs.37297,Finance
spent salli 22687,Other
vehicle repair salli 6880,Transport
meat 44034,Shopping
hair cut salli 21325,Personal Care
හොස්පිට්ල් 5726,Health
gas 43184,Utilities
pocket money salli 20687,Other
hospital salli 14548,Health
ඉන්ෂුවරන්ස් Rs.16450,Finance
5051 ආධාර,Gifts & Charity
නිකම්ම 16372,Other
35484 pocket money,Other
36833 lost,Other
furniture salli 17705,Shopping
අතින් ගියා Rs.44370,Other
46123 wade,Food
barber Rs.20090,Personal Care
movie Rs.27369,Entertainment
ඉන්ෂුවරන්ස් Rs.42439,Finance
shoes 2503,Shopping
ආධාර Rs.11669,Gifts & Charity
බිල් එකට Rs.14442,Utilities
health insurance 28683,Health
18209 kitchen items,Shopping
pocket money salli 18753,Other
32346 cinema,Entertainment
beauty Rs.33043,Personal Care
37567 birthday,Gifts & Charity
clinic salli 27837,Health
13329 loan,Finance
16737 rice and curry,Food
pen and paper salli 190,Education
tuition Rs.36429,Education
medical test Rs.13790,Health
මේකප් Rs.24454,Personal Care
14529 makeup,Personal Care
cinema salli 8986,Entertainment
46967 මුදල්,Other
adventure salli 2250,Entertainment
23808 පන්ති ගාස්තු,Education
pin salli 42687,Gifts & Charity
netflix salli 13182,Entertainment
channeling 46905,Health
soap Rs.22542,Personal Care
coffee Rs.4305,Food
අතමාරුව salli 41628,Finance
47979 bakery,Food
wifi salli 27291,Utilities
street food salli 36778,Food
12647 චැනලින්,Health
20647 biscuit,Food
stock salli 27924,Finance
vegetables salli 20486,Shopping
pin Rs.2233,Gifts & Charity
16728 පෙට්‍රල්,Transport
taxi 8874,Transport
26561 cool drink,Food
තේ බොන්න 11435,Food
දානය salli 17600,Gifts & Charity
20615 spent,Other
show Rs.38250,Entertainment
අතමාරුව Rs.48755,Finance
අතමාරුව salli 30135,Finance
leasing salli 13059,Finance
class fee 20810,Education
facewash 47497,Personal Care
cinema Rs.32247,Entertainment
degree salli 40757,Education
tuition salli 42478,Education
club 30848,Entertainment
14373 snacks,Food
youtube premium Rs.8940,Entertainment
exam fee salli 7037,Education
panadol Rs.2156,Health
restaurant salli 48179,Food
මුදල් Rs.31861,Other
concert salli 3509,Entertainment
outing Rs.38617,Entertainment
adventure salli 27086,Entertainment
water bill 25521,Utilities
45285 dentist,Health
petrol salli 16067,Transport
ticket salli 44885,Transport
45998 අතමාරුව,Finance
unknown salli 9307,Other
supermarket 23597,Shopping
මුදල් 17365,Other
13278 නිකම්ම,Other
23683 insurance,Finance
vehicle repair 18738,Transport
27632 phone bill,Utilities
ලයිට් බිල salli 8222,Utilities
beach salli 48950,Entertainment
ෆාමසි 8288,Health
investment salli 15083,Finance
27170 restaurant,Food
කොණ්ඩය කැපුවා 33048,Personal Care
චැනලින් Rs.3992,Health
661 outing,Entertainment
අතමාරුව Rs.11765,Finance
helping salli 26780,Gifts & Charity
eye check salli 35641,Health
pickme Rs.3168,Transport
stock 8256,Finance
don't know salli 23917,Other
31392 vegetables,Shopping
40293 physio,Health
අතමාරුව 30707,Finance
lunch Rs.27640,Food
24713 ෆිල්ම්,Entertainment
auto 1990,Transport
birthday salli 47861,Gifts & Charity
lost Rs.22101,Other
36948 ඇඳුම් ගත්තා,Shopping
19065 bike service,Transport
සපත්තු salli 150,Shopping
වෙනත් Rs.41333,Other
රීලෝඩ් salli 32029,Utilities
wedding 39874,Gifts & Charity
online course 12595,Education
spent 25711,Other
36285 perfume,Personal Care
postpaid Rs.7436,Utilities
alms 31235,Gifts & Charity
43077 perfume,Personal Care
6139 library,Education
match ticket Rs.47011,Entertainment
42441 doctor,Health
tuition salli 3898,Education
ගෑස් Rs.30534,Utilities
අතමාරු ගත්තා salli 43343,Finance
4866 youtube premium,Entertainment
6762 online course,Education
course 34646,Education
45680 විනෝදෙට,Entertainment
reload Rs.35528,Utilities
දවල් කෑමට 9659,Food
cinema 13012,Entertainment
42806 adventure,Entertainment
bus 24173,Transport
40959 streaming,Entertainment
youtube premium 47235,Entertainment
workshop 36867,Education
auto Rs.27319,Transport
exam fee Rs.26551,Education
netflix 1136,Entertainment
29545 ඩිසල්,Transport
trip 28079,Entertainment
highway toll Rs.37386,Transport
කෝස් එකට Rs.14997,Education
offer salli 29092,Gifts & Charity
පන්ති ගාස්තු Rs.2673,Education
විභාග ගාස්තු 43969,Education
insurance salli 42509,Finance
facewash Rs.18904,Personal Care
show salli 37163,Entertainment
trimming salli 41827,Personal Care
course Rs.44778,Education
bill salli 4499,Utilities
hair color Rs.16777,Personal Care
cash Rs.28881,Other
broadband 5274,Utilities
credit card salli 2569,Finance
alms salli 15733,Gifts & Charity
lost salli 29021,Other
cash salli 31104,Other
furniture Rs.33466,Shopping
13574 soap,Personal Care
channeling salli 27900,Health
38962 credit card,Finance
34482 නිකම්ම,Other
don't know Rs.18012,Other
බඩු ගත්තා Rs.14751,Shopping
hair cut 44078,Personal Care
කෑම 33051,Food
34887 electricity,Utilities
perfume Rs.41455,Personal Care
pharmacy 7439,Health
අතින් ගියා Rs.9937,Other
daraz 49621,Shopping
medical test salli 11409,Health
facewash Rs.5673,Personal Care
broadband salli 38749,Utilities
beer Rs.15499,Entertainment
spa 45479,Personal Care
charity 42726,Gifts & Charity
unknown salli 26585,Other
leasing Rs.2643,Finance
පෙට්‍රල් salli 38987,Transport
22570 broadband,Utilities
ayurvedic salli 24453,Health
misc salli 16504,Other
ලෝන් එකට 25505,Finance
stationary Rs.16159,Education
threewheel 22809,Transport
barber 38291,Personal Care
shaving 36385,Personal Care
fare 18743,Transport
49293 bag,Shopping
pocket money salli 3003,Other
credit card Rs.49563,Finance
31807 kema,Food
42901 bank fee,Finance
meat 23441,Shopping
අතින් ගියා Rs.47831,Other
burger Rs.38956,Food
bank fee salli 169,Finance
නිකම්ම Rs.6577,Other
45576 health insurance,Health
4359 alms,Gifts & Charity
petrol Rs.27214,Transport
arpico salli 22714,Shopping
cargills Rs.45349,Shopping
37552 drink,Food
gift 34998,Gifts & Charity
27954 බෙහෙත් වලට,Health
නිකම්ම Rs.41265,Other
40375 exam fee,Education
general 20193,Other
short eats 16542,Food
24128 loan,Finance
recharge Rs.21148,Utilities
cinema 46367,Entertainment
doctor 26960,Health
offer 21417,Gifts & Charity
liquor Rs.37253,Entertainment
payment 42247,Finance
20529 finance,Finance
lost 39590,Other
මුදල් Rs.31263,Other
leasing Rs.16669,Finance
donation 35881,Gifts & Charity
නිකම්ම Rs.9135,Other
තෑගි salli 4624,Gifts & Charity
14370 don't know,Other
cash Rs.22841,Other
17996 lost,Other
electricity Rs.4252,Utilities
පන්ති ගාස්තු Rs.42691,Education
cargills 37389,Shopping
pickme food Rs.8965,Food
නිකම්ම 27299,Other
11586 milk powder,Shopping
23141 shampoo,Shopping
46949 other,Other
6402 charity,Gifts & Charity
shampoo Rs.26184,Shopping
meat Rs.44200,Shopping
short eats Rs.3608,Food
exam fee salli 42802,Education
slt bill salli 26850,Utilities
තෑගි Rs.13965,Gifts & Charity
udemy 25383,Education
49808 hotel bill,Food
salon 1242,Personal Care
6757 dinner,Food
cinema salli 47116,Entertainment
street food salli 39453,Food
24645 helping,Gifts & Charity
uber 42904,Transport
විභාග ගාස්තු salli 9223,Education
book salli 30312,Education
exam fee Rs.34484,Education
broadband salli 13021,Utilities
25026 dansal,Gifts & Charity
42655 නිකම්ම,Other
arpico salli 15298,Shopping
netflix Rs.22678,Entertainment
snacks 3431,Food
spa salli 32044,Personal Care
daraz Rs.5470,Shopping
tire change 9756,Transport
don't know salli 17118,Other
කොණ්ඩය කැපුවා 32026,Personal Care
ආධාර salli 49443,Gifts & Charity
tire change Rs.39171,Transport
skincare salli 32400,Personal Care
channeling salli 43575,Health
ලයිට් බිල Rs.40138,Utilities
fuel salli 46581,Transport
netflix 36675,Entertainment
සපත්තු salli 41148,Shopping
ඉන්ෂුවරන්ස් salli 30140,Finance
beach 20202,Entertainment
නයි පියවන්න salli 40396,Finance
ubereats salli 9847,Food
operation salli 39421,Health
beer Rs.31448,Entertainment
furniture 18597,Shopping
41013 offer,Gifts & Charity
spent salli 40999,Other
beer 41058,Entertainment
hair cut salli 20294,Personal Care
meat Rs.24309,Shopping
කෝස් එකට salli 49715,Education
cash Rs.37095,Other
cash 4227,Other
16986 tax,Finance
vegetables 14528,Shopping
vacation Rs.15043,Entertainment
general Rs.45049,Other
23882 game,Entertainment
ayurvedic salli 17542,Health
කෝස් එකට 4337,Education
pickme food salli 42767,Food
netflix Rs.12656,Entertainment
8522 street food,Food
bus salli 27958,Transport
general salli 3363,Other
beauty Rs.8276,Personal Care
අතමාරු ගත්තා salli 4840,Finance
46952 ෆිල්ම්,Entertainment
gift 32665,Gifts & Charity
netflix salli 12670,Entertainment
netflix Rs.28365,Entertainment
22788 ජිම් එකට,Personal Care
කෝච්චියට 21981,Transport
trimming salli 6940,Personal Care
don't know 16810,Other
තෙල් Rs.44595,Transport
11471 fitness,Health
හොස්පිට්ල් salli 33850,Health
16696 religious,Gifts & Charity
332 crypto,Finance
දානය 41811,Gifts & Charity
dansal 46652,Gifts & Charity
34982 highway toll,Transport
loan salli 876,Finance
37390 bus,Transport
train salli 44126,Transport
petrol Rs.24827,Transport
13576 liquor,Entertainment
ලෝන් එකට 49258,Finance
ලයිට් බිල Rs.7883,Utilities
6315 crypto,Finance
birthday Rs.49430,Gifts & Charity
අතමාරු ගත්තා salli 14023,Finance
hair color Rs.37461,Personal Care
donation Rs.13304,Gifts & Charity
10378 other,Other
internet salli 17701,Utilities
බෙහෙත් වලට salli 2427,Health
rice bag salli 10175,Shopping
stock salli 4055,Finance
broadband Rs.11946,Utilities
bike service salli 45221,Transport
38063 අතින් ගියා,Other
බර්ත්ඩේ salli 27145,Gifts & Charity
game 9153,Entertainment
channeling Rs.44622,Health
39948 දවල් කෑමට,Food
26438 කොණ්ඩය කැපුවා,Personal Care
තෙල් 42049,Transport
religious salli 2839,Gifts & Charity
salon salli 38718,Personal Care
udemy 28902,Education
කෑම salli 3138,Food
mobitel salli 31086,Utilities
ත්‍රීවීල් 34934,Transport
vacation salli 48940,Entertainment
kitchen items salli 38772,Shopping
13454 online course,Education
cargills salli 46913,Shopping
5326 සැලෝන් එකට,Personal Care
street food salli 30105,Food
present Rs.23202,Gifts & Charity
ඩිසල් 32871,Transport
doctor salli 45272,Health
hospital Rs.29579,Health
49002 fiber,Utilities
මේකප් Rs.35512,Personal Care
car wash salli 44194,Transport
43546 present,Gifts & Charity
ලෝන් එකට salli 32560,Finance
offer Rs.10717,Gifts & Charity
snacks 9792,Food
bag 12657,Shopping
liquor Rs.47286,Entertainment
lost Rs.11612,Other
wedding salli 29831,Gifts & Charity
shoppin salli 41725,Shopping
postpaid salli 40770,Utilities
watch Rs.49354,Shopping
pickme food Rs.94,Food
clothes Rs.42521,Shopping
drink salli 17342,Food
5682 wedding,Gifts & Charity
14842 rice bag,Shopping
grocery salli 22456,Shopping
perfume Rs.11171,Personal Care
recharge 43516,Utilities
shoes 46121,Shopping
tuk 32736,Transport
present salli 22031,Gifts & Charity
prepaid Rs.47545,Utilities
පෑන් පැන්සල් salli 39044,Education
44398 cash,Other
හොස්පිට්ල් Rs.41247,Health
දවල් කෑමට Rs.25321,Food
19165 ෆිල්ම්,Entertainment
slt bill 2162,Utilities
broadband 48611,Utilities
loan Rs.31692,Finance
34036 dialog,Utilities
clinic salli 36805,Health
slt bill 23448,Utilities
3424 other,Other
16461 cash,Other
24902 kottu,Food
liquor 8046,Entertainment
කොණ්ඩය කැපුවා Rs.2838,Personal Care
වෙනත් salli 24326,Other
41379 current bill,Utilities
diesel salli 15815,Transport
library salli 5881,Education
alms salli 33659,Gifts & Charity
සපත්තු 18460,Shopping
dentist Rs.17953,Health
garbage fee salli 22546,Utilities
train 38822,Transport
pickme food Rs.16370,Food
ඉන්ෂුවරන්ස් salli 28180,Finance
සපත්තු 37245,Shopping
stock 12598,Finance
don't know Rs.9633,Other
adventure 40242,Entertainment
poth salli 18453,Education
23515 misc,Other
ticket salli 6714,Transport
library 29667,Education
16428 dental,Health
36775 petrol,Transport
gift Rs.11605,Gifts & Charity
14532 hair cut,Personal Care
pocket money Rs.25165,Other
clothes salli 14081,Shopping
35924 poth,Education
crypto salli 49787,Finance
14219 bike service,Transport
43777 uber,Transport
tax salli 45451,Finance
bill salli 29605,Utilities
පින් වලට 23519,Gifts & Charity
reload Rs.23777,Utilities
coursera salli 28795,Education
general Rs.35981,Other
36207 hotel bill,Food
charity Rs.19753,Gifts & Charity
vitamin Rs.5331,Health
dhal 4458,Shopping
doctor salli 27127,Health
8850 netflix,Entertainment
lunch 26533,Food
48178 beach,Entertainment
dentist Rs.25114,Health
21730 rice bag,Shopping
vegetables Rs.40010,Shopping
vehicle repair salli 5957,Transport
මුදල් salli 33882,Other
15258 burger,Food
වතුර බිල Rs.5480,Utilities
pickme food 35400,Food
charity salli 15358,Gifts & Charity
pharmacy Rs.32327,Health
gym salli 47437,Personal Care
ආධාර 27402,Gifts & Charity
cash 20892,Other
transport cost 2704,Transport
book salli 31214,Education
reload Rs.8943,Utilities
other salli 40301,Other
පොත් වලට Rs.12493,Education
internet salli 32994,Utilities
21083 pocket money,Other
book Rs.27366,Education
තෙල් Rs.36632,Transport
39516 gym,Personal Care
crypto Rs.22056,Finance
adventure 38683,Entertainment
tax 47782,Finance
degree 20361,Education
bank fee 2651,Finance
ත්‍රීවීල් salli 10700,Transport
coffee Rs.20316,Food
concert 33108,Entertainment
රෑ කෑම Rs.45166,Food
unknown salli 19102,Other
other salli 26241,Other
watch 43646,Shopping
lab salli 45415,Health
clinic Rs.433,Health
චැනලින් salli 6172,Health
unknown salli 46640,Other
tea Rs.20273,Food
data 835,Utilities
shoppin 26653,Shopping
ත්‍රීවීල් 2542,Transport
20332 coffee,Food
vegetables 5980,Shopping
season 47204,Transport
cash salli 27568,Other
කොණ්ඩය කැපුවා salli 49888,Personal Care
kewa salli 11166,Food
ආධාර salli 31964,Gifts & Charity
බර්ත්ඩේ salli 9754,Gifts & Charity
interest Rs.11932,Finance
cash 1988,Other
panthi salli 15307,Education
බස් එකට Rs.31811,Transport
concert 25027,Entertainment
concert salli 30432,Entertainment
pin 39961,Gifts & Charity
pin Rs.38642,Gifts & Charity
9520 ෆිල්ම්,Entertainment
loan salli 38729,Finance
helping salli 40670,Gifts & Charity
hoppers 8876,Food
general 7463,Other
perfume 36613,Personal Care
pocket money salli 26650,Other
ආධාර Rs.36545,Gifts & Charity
pen and paper Rs.13777,Education
perfume salli 30751,Personal Care
milk powder salli 36832,Shopping
කොත්තු 44088,Food
exam fee 17195,Education
2851 dansal,Gifts & Charity
4749 home rent,Utilities
rice and curry Rs.7593,Food
furniture 30604,Shopping
8328 other,Other
facewash 35441,Personal Care
charity salli 39437,Gifts & Charity
match ticket 33488,Entertainment
adventure 31952,Entertainment
ආධාර 44028,Gifts & Charity
lab salli 21687,Health
බෙහෙත් වලට 4009,Health
hair cut salli 8086,Personal Care
කෝච්චියට Rs.48391,Transport
investment Rs.9731,Finance
බත් 2124,Food
auto salli 9527,Transport
udemy 36784,Education
stationary 4954,Education
ණය 27340,Finance
ඇඳුම් ගත්තා 36549,Shopping
outing Rs.40698,Entertainment
kottu 48859,Food
ආධාර 6783,Gifts & Charity
35098 adventure,Entertainment
bag 5883,Shopping
ඉන්ෂුවරන්ස් salli 3788,Finance
කෝස් එකට 21046,Education
සැලෝන් එකට 40172,Personal Care
hair cut salli 3508,Personal Care
gas 4834,Utilities
body lotion Rs.48162,Personal Care
data Rs.5158,Utilities
අතමාරුව Rs.25659,Finance
බඩු ගත්තා 23905,Shopping
highway toll Rs.27736,Transport
49761 hoppers,Food
2120 lunch,Food
wifi 36334,Utilities
furniture salli 37250,Shopping
ෆාමසි salli 22395,Health
43423 season,Transport
කෝච්චියට 13413,Transport
netflix 11558,Entertainment
වතුර බිල 12185,Utilities
beheth 20891,Health
spa salli 35012,Personal Care
48359 birthday,Gifts & Charity
vehicle repair Rs.45594,Transport
clinic salli 42508,Health
tax salli 44869,Finance
කඩෙන් කෑවා 37373,Food
8207 කොණ්ඩය කැපුවා,Personal Care
beheth 37980,Health
49970 ඉන්ෂුවරන්ස්,Finance
workshop salli 33070,Education
කඩෙන් කෑවා Rs.47696,Food
general Rs.16756,Other
bill salli 48480,Utilities
water bill 2717,Utilities
10715 other,Other
crypto Rs.33770,Finance
helping 2052,Gifts & Charity
beheth Rs.40877,Health
47342 bank fee,Finance
grocery 23851,Shopping
loan 33750,Finance
සපත්තු salli 19544,Shopping
නයි පියවන්න salli 37608,Finance
39359 bill,Utilities
22022 home rent,Utilities
shaving Rs.39087,Personal Care
car wash 11929,Transport
9774 dansal,Gifts & Charity
lunch 46168,Food
බඩු ගත්තා Rs.1382,Shopping
uber 32006,Transport
බර්ත්ඩේ Rs.3702,Gifts & Charity
hospital salli 10294,Health
religious 36010,Gifts & Charity
ෆාමසි Rs.28774,Health
tshirt Rs.45093,Shopping
21191 threewheel,Transport
university 34151,Education
සපත්තු salli 9534,Shopping
salon Rs.49450,Personal Care
19239 skincare,Personal Care
9818 body lotion,Personal Care
prepaid salli 21780,Utilities
හොස්පිට්ල් salli 33969,Health
stock Rs.9257,Finance
course Rs.48800,Education
සෙල්ලම් කරන්න 21579,Entertainment
spotify 28999,Entertainment
lab Rs.25892,Health
kewa 45045,Food
car wash Rs.36265,Transport
18254 ට්‍රිප්,Entertainment
bag salli 42818,Shopping
don't know Rs.35386,Other
tax 32040,Finance
සෙල්ලම් කරන්න salli 42099,Entertainment
ඉන්ෂුවරන්ස් Rs.32983,Finance
pen and paper Rs.38276,Education
12123 vitamin,Health
clinic 3190,Health
පින් වලට 49141,Gifts & Charity
48554 other,Other
trip Rs.4229,Entertainment
49248 drink,Food
ආධාර salli 25560,Gifts & Charity
ඩොක්ටර්ට Rs.37936,Health
1385 වෙනත්,Other
misc salli 8092,Other
breakfast salli 11440,Food
beauty salli 15336,Personal Care
religious salli 36361,Gifts & Charity
skincare salli 41430,Personal Care
interest salli 21148,Finance
shaving 46973,Personal Care
රෑ කෑම salli 20013,Food
බිල් එකට salli 7714,Utilities
poth 25835,Education
hair cut Rs.15317,Personal Care
මේකප් salli 12772,Personal Care
meat 46913,Shopping
trip 24455,Entertainment
postpaid 9335,Utilities
lost salli 12492,Other
gym 22060,Personal Care
36350 postpaid,Utilities
මුදල් 12048,Other
vegetables 40319,Shopping
soap Rs.42384,Personal Care
47575 pants,Shopping
beheth 35323,Health
wedding 31565,Gifts & Charity
kema 33091,Food
25342 religious,Gifts & Charity
concert 24927,Entertainment
විනෝදෙට 13064,Entertainment
පින් වලට 9915,Gifts & Charity
lab Rs.36103,Health
tire change Rs.18141,Transport
present salli 42913,Gifts & Charity
panthi 25965,Education
සැලෝන් එකට 15716,Personal Care
book Rs.33158,Education
fish salli 38570,Shopping
සපත්තු salli 45706,Shopping
kema 28436,Food
රීලෝඩ් salli 14071,Utilities
degree salli 13503,Education
37176 operation,Health
credit card salli 25835,Finance
operation Rs.26041,Health
41633 wade,Food
medicine 6403,Health
supermarket Rs.41583,Shopping
slt bill Rs.39516,Utilities
panadol Rs.36721,Health
charity 17648,Gifts & Charity
ට්‍රිප් salli 6355,Entertainment
interest Rs.9470,Finance
stock salli 37042,Finance
wifi Rs.31687,Utilities
පොත් වලට Rs.34033,Education
දානය Rs.29498,Gifts & Charity
library 35632,Education
meat 14726,Shopping
රෑ කෑම salli 49255,Food
club salli 9328,Entertainment
tshirt 35740,Shopping
කෑම salli 12471,Food
41635 body lotion,Personal Care
ආධාර Rs.8246,Gifts & Charity
චැනලින් salli 8843,Health
bakery salli 4689,Food
41887 wifi,Utilities
auto Rs.30168,Transport
18597 don't know,Other
සපත්තු 33840,Shopping
shoes salli 48406,Shopping
clinic salli 16636,Health
48490 fitness,Health
transport cost salli 12164,Transport
dansal salli 3544,Gifts & Charity
පොත් වලට 7723,Education
ලයිට් බිල 22224,Utilities
udemy Rs.38530,Education
auto Rs.29165,Transport
wedding salli 35389,Gifts & Charity
දානය 14677,Gifts & Charity
23935 misc,Other
ගෑස් 43640,Utilities
bakery salli 24484,Food
31940 shaving,Personal Care
පින් වලට salli 8426,Gifts & Charity
spent 7869,Other
party salli 46184,Entertainment
කෝස් එකට 27685,Education
club salli 31491,Entertainment
19421 party,Entertainment
insurance 34968,Finance
40516 furniture,Shopping
bank fee Rs.31496,Finance
32872 dental,Health
19221 hair color,Personal Care
6557 kottu,Food
birthday salli 46856,Gifts & Charity
49609 broadband,Utilities
ණය salli 16628,Finance
41137 misc,Other
4749 තෙල්,Transport
medicine Rs.46683,Health
41902 dental,Health
panthi 13924,Education
alms salli 18576,Gifts & Charity
petrol Rs.13411,Transport
credit card 3225,Finance
book 34428,Education
credit card 8019,Finance
crypto Rs.523,Finance
40140 වතුර බිල,Utilities
gift Rs.1420,Gifts & Charity
බනිස් 42037,Food
14907 කඩෙන් කෑවා,Food
prepaid salli 4364,Utilities
perfume Rs.12333,Personal Care
payment salli 37509,Finance
2401 මුදල්,Other
birthday Rs.19472,Gifts & Charity
ආධාර 18693,Gifts & Charity
interest Rs.18668,Finance
දානය Rs.46797,Gifts & Charity
ලයිට් බිල salli 48204,Utilities
stock 29579,Finance
stationary Rs.35214,Education
ලෝන් එකට 4109,Finance
21479 charity,Gifts & Charity
hair color salli 21394,Personal Care
car wash 12471,Transport
ඉන්ෂුවරන්ස් Rs.34494,Finance
ත්‍රීවීල් Rs.35466,Transport
beheth salli 31512,Health
online course salli 34276,Education
21952 සෙල්ලම් කරන්න,Entertainment
fish salli 34012,Shopping
gaming 33067,Entertainment
කෝච්චියට Rs.6836,Transport
මේකප් Rs.29843,Personal Care
4373 අතමාරුව,Finance
ජිම් එකට Rs.13538,Personal Care
49759 other,Other
27685 game,Entertainment
10387 kema,Food
21269 stock,Finance
don't know salli 44581,Other
home rent Rs.2745,Utilities
19432 misc,Other
makeup salli 42335,Personal Care
40948 ලෝන් එකට,Finance
41386 pen and paper,Education
6162 streaming,Entertainment
office go Rs.56,Transport
bus salli 16858,Transport
මේකප් Rs.39045,Personal Care
2076 vacation,Entertainment
බෙහෙත් වලට 45931,Health
salon Rs.2965,Personal Care
පන්ති ගාස්තු salli 13204,Education
ලයිට් බිල Rs.38376,Utilities
ණය Rs.38797,Finance
grocery 12444,Shopping
eye check Rs.28661,Health
vacation salli 14052,Entertainment
15256 rice and curry,Food
27078 spent,Other
beheth salli 44864,Health
hair color Rs.11838,Personal Care
shoes Rs.16224,Shopping
27845 channeling,Health
20123 loan,Finance
unknown salli 33482,Other
ෆාමසි Rs.12822,Health
finance Rs.39499,Finance
restaurant salli 28352,Food
supermarket salli 44160,Shopping
soap 18075,Shopping
මුදල් 30206,Other
dhal salli 49278,Shopping
doctor 44803,Health
general 20666,Other
45631 fiber,Utilities
අතමාරු ගත්තා Rs.16810,Finance
37199 movie,Entertainment
kitchen items 43027,Shopping
vitamin 49717,Health
ලෝන් එකට Rs.39992,Finance
exam fee salli 39926,Education
auto 45054,Transport
clinic salli 20512,Health
credit card salli 16990,Finance
ඇඳුම් ගත්තා Rs.43524,Shopping
university 15777,Education
workshop salli 19631,Education
අතමාරු ගත්තා salli 48306,Finance
religious 40158,Gifts & Charity
dialog 32653,Utilities
soap Rs.7406,Personal Care
bank fee Rs.19381,Finance
gym salli 5273,Personal Care
season salli 19718,Transport
අතමාරුව Rs.29249,Finance
ඩොක්ටර්ට 2359,Health
pizza Rs.11095,Food
stock 18635,Finance
rice and curry 21950,Food
vitamin 19016,Health
rice salli 39531,Food
trimming Rs.7914,Personal Care
panadol 31432,Health
44428 අතින් ගියා,Other
සැලෝන් එකට 125,Personal Care
finance Rs.4693,Finance
prepaid Rs.31427,Utilities
cool drink Rs.3315,Food
විනෝදෙට 40481,Entertainment
gift 4660,Gifts & Charity
makeup salli 12092,Personal Care
පින් වලට salli 14420,Gifts & Charity
මේකප් salli 48810,Personal Care
බත් 40941,Food
helping salli 29230,Gifts & Charity
871 චැනලින්,Health
සැලෝන් එකට salli 10793,Personal Care
operation 19558,Health
lab Rs.2850,Health
dansal salli 19760,Gifts & Charity
prepaid salli 35666,Utilities
show Rs.36265,Entertainment
operation Rs.41027,Health
32163 සැලෝන් එකට,Personal Care
youtube premium Rs.34910,Entertainment
outing salli 30113,Entertainment
45933 liquor,Entertainment
bus Rs.16537,Transport
medical test Rs.23053,Health
29020 ayurvedic,Health
stationary Rs.28355,Education
තෙල් 9042,Transport
44632 නිකම්ම,Other
21263 crypto,Finance
බස් එකට 28556,Transport
32420 hair color,Personal Care
42800 bike service,Transport
විනෝදෙට Rs.4698,Entertainment
අතමාරු ගත්තා 17274,Finance
44173 physio,Health
බර්ත්ඩේ salli 35896,Gifts & Charity
ත්‍රීවීල් Rs.47443,Transport
party salli 43610,Entertainment
බර්ත්ඩේ 35018,Gifts & Charity
current bill salli 25769,Utilities
liquor salli 26247,Entertainment
online course salli 39071,Education
5176 ෆාමසි,Health
2232 gaming,Entertainment
class fee Rs.17088,Education
24757 class fee,Education
විභාග ගාස්තු salli 16292,Education
tax Rs.22743,Finance
clothes 3375,Shopping
47166 shampoo,Shopping
spa Rs.9216,Personal Care
workshop Rs.15747,Education
clothes 42733,Shopping
furniture 39037,Shopping
broadband 28174,Utilities
පින් වලට Rs.31840,Gifts & Charity
තෑගි Rs.34315,Gifts & Charity
burger 8988,Food
donation Rs.21238,Gifts & Charity
21957 pants,Shopping
unknown salli 30064,Other
bakery 47216,Food
data Rs.45892,Utilities
stock Rs.45466,Finance
keells salli 4329,Shopping
shaving 26313,Personal Care
23900 cool drink,Food
වෙනත් salli 23491,Other
season salli 47707,Transport
7254 grocery,Shopping
36700 pickme food,Food
match ticket salli 46583,Entertainment
investment Rs.31412,Finance
16279 කොණ්ඩය කැපුවා,Personal Care
pin salli 9669,Gifts & Charity
spent Rs.34245,Other
29191 highway toll,Transport
අතමාරුව Rs.14053,Finance
648 pocket money,Other
42908 physio,Health
degree Rs.19945,Education
40489 movie,Entertainment
6415 wifi,Utilities
7019 spent,Other
broadband Rs.44782,Utilities
බඩු ගත්තා Rs.15750,Shopping
කොණ්ඩය කැපුවා salli 2186,Personal Care
garbage fee salli 25958,Utilities
pin salli 22076,Gifts & Charity
game Rs.47733,Entertainment
35356 streaming,Entertainment
34248 misc,Other
dental Rs.39410,Health
33148 rice bag,Shopping
interest salli 6999,Finance
don't know salli 41132,Other
pizza salli 49949,Food
dinner Rs.9338,Food
gym 19684,Personal Care
කොණ්ඩය කැපුවා Rs.33577,Personal Care
bakery Rs.7203,Food
25829 soap,Shopping
21168 poth,Education
37905 pocket money,Other
payment 36967,Finance
බඩු ගත්තා 36336,Shopping
17183 bike service,Transport
grocery 32396,Shopping
17968 ලෝන් එකට,Finance
clinic 19948,Health
makeup 8993,Personal Care
rice Rs.30585,Food
511 bill,Utilities
44310 youtube premium,Entertainment
bill 28651,Utilities
සෙල්ලම් කරන්න salli 35374,Entertainment
නයි පියවන්න 19096,Finance
3931 ට්‍රිප්,Entertainment
stock Rs.26209,Finance
cash salli 27035,Other
lost salli 42432,Other
shaving salli 43408,Personal Care
salon salli 205,Personal Care
රෑ කෑම salli 24099,Food
19420 fuel,Transport
coffee 48364,Food
37667 makeup,Personal Care
කඩෙන් කෑවා Rs.38491,Food
book 3419,Education
kewa 47946,Food
35406 අතමාරු ගත්තා,Finance
spent 22846,Other
hair color 26463,Personal Care
218 shampoo,Shopping
beach Rs.45589,Entertainment
kottu salli 233,Food
31387 credit card,Finance
don't know 7078,Other
physio Rs.34993,Health
27190 uber,Transport
present 5939,Gifts & Charity
ubereats 13024,Food
5888 coffee,Food
kottu 15101,Food
party 44565,Entertainment
stationary Rs.9734,Education
wifi Rs.6636,Utilities
coffee 29886,Food
car wash 42936,Transport
physio salli 23134,Health
offer Rs.48271,Gifts & Charity
broadband 8366,Utilities
crypto 40551,Finance
bus 31737,Transport
ත්‍රීවීල් 28607,Transport
5225 lunch,Food
බස් එකට 49862,Transport
vacation salli 27348,Entertainment
pen and paper Rs.39086,Education
kitchen items Rs.12413,Shopping
22156 pocket money,Other
shoppin 24884,Shopping
hair color Rs.34956,Personal Care
milk powder Rs.48416,Shopping
auto 12586,Transport
charity salli 24002,Gifts & Charity
49926 ලයිට් බිල,Utilities
7096 netflix,Entertainment
39707 highway toll,Transport
49411 outing,Entertainment
ඉන්ෂුවරන්ස් salli 25592,Finance
udemy 8412,Education
udemy salli 19706,Education
channeling Rs.12829,Health
highway toll Rs.43145,Transport
බර්ත්ඩේ Rs.32558,Gifts & Charity
salon Rs.43650,Personal Care
වෙනත් salli 15544,Other
club Rs.47174,Entertainment
මුදල් 29856,Other
interest salli 4827,Finance
31849 restaurant,Food
fare Rs.10009,Transport
රීලෝඩ් Rs.3936,Utilities
leasing 2482,Finance
5761 ඉන්ෂුවරන්ස්,Finance
24964 hair color,Personal Care
library salli 30107,Education
6543 train,Transport
dinner 6833,Food
offer salli 2352,Gifts & Charity
threewheel salli 15037,Transport
විභාග ගාස්තු Rs.30310,Education
අතමාරු ගත්තා salli 17362,Finance
43900 tax,Finance
6803 train,Transport
leasing 12649,Finance
රීලෝඩ් Rs.20630,Utilities
bakery 32565,Food
wifi Rs.8342,Utilities
pocket money 496,Other
present Rs.28206,Gifts & Charity
32341 transport cost,Transport
shaving 17859,Personal Care
දානය salli 12152,Gifts & Charity
udemy salli 44203,Education
සැලෝන් එකට salli 225,Personal Care
cargills Rs.13812,Shopping
hospital Rs.6722,Health
fiber salli 40942,Utilities
cinema Rs.48885,Entertainment
vehicle repair 43666,Transport
sugar Rs.3617,Shopping
රෑ කෑම Rs.11004,Food
class fee Rs.33060,Education
16320 අතින් ගියා,Other
finance Rs.49397,Finance
ඩිසල් 23865,Transport
මුදල් salli 2033,Other
45621 operation,Health
සෙල්ලම් කරන්න 4702,Entertainment
34206 gift,Gifts & Charity
shaving 6994,Personal Care
39157 udemy,Education
44458 dhal,Shopping
වෙනත් 29529,Other
university salli 9440,Education
සෙල්ලම් කරන්න salli 1058,Entertainment
37749 keells,Shopping
tuk salli 10326,Transport
13335 අතමාරුව,Finance
40617 medical test,Health
general 38855,Other
degree Rs.40488,Education
soap Rs.46318,Personal Care
48617 රීලෝඩ්,Utilities
ඩිසල් salli 13322,Transport
pants salli 38044,Shopping
interest salli 3101,Finance
ආධාර 49873,Gifts & Charity
finance 2300,Finance
hotel bill 18879,Food
barber 41030,Personal Care
tire change Rs.47427,Transport
බර්ත්ඩේ 425,Gifts & Charity
57 office go,Transport
කොණ්ඩය කැපුවා salli 5426,Personal Care
crypto Rs.45716,Finance
පෙට්‍රල් Rs.7056,Transport
ayurvedic 17442,Health
hospital 3757,Health
clinic salli 7053,Health
29182 bus,Transport
fuel Rs.19222,Transport
බර්ත්ඩේ 36882,Gifts & Charity
don't know 43434,Other
ayurvedic 26345,Health
48265 pocket money,Other
furniture Rs.37922,Shopping
dhal 6082,Shopping
concert salli 6084,Entertainment
පෙට්‍රල් Rs.33915,Transport
hair color 8272,Personal Care
1525 outing,Entertainment
snacks 9520,Food
ලයිට් බිල 46340,Utilities
20452 පොත් වලට,Education
තෙල් 32234,Transport
ඩිසල් salli 24348,Transport
burger Rs.23126,Food
beheth Rs.13893,Health
fitness 24789,Health
ඉන්ෂුවරන්ස් salli 12020,Finance
dialog salli 35625,Utilities
spent 1918,Other
coffee 34391,Food
තෙල් Rs.38049,Transport
outing Rs.2419,Entertainment
taxi Rs.15928,Transport
hoppers salli 4176,Food
13076 daraz,Shopping
fish 12317,Shopping
25724 coursera,Education
ඇඳුම් ගත්තා salli 33203,Shopping
keells 15797,Shopping
train 13170,Transport
pin Rs.18237,Gifts & Charity
alms Rs.4357,Gifts & Charity
office go 43579,Transport
shampoo Rs.46534,Shopping
රෑ කෑම Rs.26582,Food
42661 pickme,Transport
5732 hair cut,Personal Care
kitchen items Rs.34598,Shopping
book Rs.4077,Education
bag salli 27400,Shopping
helping salli 46911,Gifts & Charity
offer Rs.25292,Gifts & Charity
ජිම් එකට Rs.12639,Personal Care
36470 show,Entertainment
cash 43897,Other
kitchen items 8395,Shopping
16982 udemy,Education
leasing 22152,Finance
hair color salli 39490,Personal Care
book salli 30149,Education
35989 tuition,Education
recharge 29595,Utilities
tax salli 41938,Finance
breakfast 20207,Food
28066 cash,Other
course 19102,Education
rice 1552,Food
misc salli 42046,Other
unknown 17922,Other
data salli 47237,Utilities
18407 vacation,Entertainment
අතින් ගියා salli 23591,Other
finance Rs.47589,Finance
pen and paper Rs.9231,Education
hair cut 12595,Personal Care
restaurant salli 6302,Food
11260 සැලෝන් එකට,Personal Care
season 42708,Transport
පෑන් පැන්සල් Rs.42818,Education
don't know salli 9909,Other
trimming Rs.36783,Personal Care
cinema salli 25613,Entertainment
perfume salli 4995,Personal Care
grocery 40567,Shopping
panadol salli 4491,Health
barber Rs.49400,Personal Care
postpaid salli 13381,Utilities
388 investment,Finance
34598 operation,Health
31740 university,Education
bus salli 16776,Transport
අතින් ගියා 30538,Other
gym 20639,Personal Care
makeup 47752,Personal Care
hospital salli 21849,Health
furniture Rs.33713,Shopping
9028 තෑගි,Gifts & Charity
transport cost 19919,Transport
ගෑස් Rs.11065,Utilities
dental 42551,Health
ticket salli 39816,Transport
lost Rs.22909,Other
payment salli 9305,Finance
1073 helping,Gifts & Charity
furniture 7739,Shopping
rice salli 48227,Food
poth salli 5024,Education
present Rs.10560,Gifts & Charity
කොත්තු salli 47210,Food
electricity 2396,Utilities
dinner 36050,Food
45678 salon,Personal Care
පොත් වලට salli 10946,Education
26627 threewheel,Transport
gas Rs.31946,Utilities
22475 කෝස් එකට,Education
22550 stationary,Education
vitamin Rs.40190,Health
34573 shoes,Shopping
book Rs.21790,Education
don't know salli 12697,Other
credit card Rs.1812,Finance
gift salli 33509,Gifts & Charity
game 42260,Entertainment
party 29280,Entertainment
vehicle repair salli 49085,Transport
fuel salli 30377,Transport
course 21276,Education
milk powder Rs.2669,Shopping
library 5142,Education
gym 46800,Personal Care
shoppin 13618,Shopping
fitness Rs.36078,Health
27418 clothes,Shopping
garbage fee 14425,Utilities
ගෑස් 46145,Utilities
මේකප් salli 41654,Personal Care
10918 dental,Health
ඉන්ෂුවරන්ස් salli 49093,Finance
අතමාරු ගත්තා salli 30297,Finance
අතින් ගියා 19038,Other
පින් වලට 15325,Gifts & Charity
diesel Rs.27946,Transport
pocket money salli 9429,Other
hotel bill Rs.44022,Food
physio salli 32801,Health
birthday Rs.37693,Gifts & Charity
watch salli 5755,Shopping
broadband salli 45827,Utilities
46987 රෑ කෑම,Food
නයි පියවන්න 3928,Finance
doctor Rs.638,Health
crypto 49871,Finance
tax 3537,Finance
12372 present,Gifts & Charity
interest 14411,Finance
21521 බස් එකට,Transport
26011 gym,Personal Care
panthi Rs.14609,Education
pocket money salli 41881,Other
45943 broadband,Utilities
35917 arpico,Shopping
39083 insurance,Finance
38178 medical test,Health
ත්‍රීවීල් salli 32475,Transport
දවල් කෑමට 33006,Food
shoes 48513,Shopping
drink Rs.14513,Food
uber salli 35886,Transport
27364 salon,Personal Care
reload salli 35516,Utilities
adventure 22345,Entertainment
general 21319,Other
arpico Rs.12419,Shopping
payment 7872,Finance
general Rs.29492,Other
1302 birthday,Gifts & Charity
breakfast Rs.35217,Food
6242 spa,Personal Care
fitness Rs.2484,Health
9643 perfume,Personal Care
beauty salli 5519,Personal Care
shampoo Rs.26175,Shopping
pizza 43815,Food
wedding salli 26526,Gifts & Charity
insurance Rs.43937,Finance
present salli 8513,Gifts & Charity
electricity Rs.6633,Utilities
ගෑස් 24642,Utilities
පන්ති ගාස්තු 8246,Education
beauty Rs.45903,Personal Care
don't know salli 27049,Other
10079 phone bill,Utilities
shoes salli 23940,Shopping
kottu salli 29743,Food
23629 hoppers,Food
28621 vehicle repair,Transport
dialog Rs.32891,Utilities
11578 beer,Entertainment
කොත්තු 15995,Food
daraz Rs.26668,Shopping
නිකම්ම Rs.19233,Other
23966 පෑන් පැන්සල්,Education
gas Rs.23308,Utilities
කොණ්ඩය කැපුවා 26803,Personal Care
keells 27805,Shopping
ෆිල්ම් salli 14581,Entertainment
ආධාර 22746,Gifts & Charity
38057 makeup,Personal Care
vitamin 2224,Health
17634 highway toll,Transport
34545 keells,Shopping
4312 ඩොක්ටර්ට,Health
birthday 8344,Gifts & Charity
health insurance Rs.27670,Health
finance 39604,Finance
watch Rs.6869,Shopping
6274 game,Entertainment
netflix 14200,Entertainment
soap salli 44209,Personal Care
milk powder Rs.27189,Shopping
23426 hutch,Utilities
pin 48965,Gifts & Charity
14839 සෙල්ලම් කරන්න,Entertainment
39691 lost,Other
13830 විභාග ගාස්තු,Education
පෑන් පැන්සල් 10330,Education
don't know 3785,Other
bank fee salli 41586,Finance
alms salli 4932,Gifts & Charity
beach 16883,Entertainment
electricity salli 36391,Utilities
බඩු ගත්තා 15416,Shopping
hair color Rs.37611,Personal Care
beach 44694,Entertainment
wifi 8404,Utilities
street food salli 37476,Food
41701 show,Entertainment
නයි පියවන්න Rs.40487,Finance
tuition salli 5478,Education
beheth salli 49574,Health
2146 spent,Other
4481 degree,Education
charity 45581,Gifts & Charity
පින් වලට Rs.36880,Gifts & Charity
gift salli 23995,Gifts & Charity
21360 drink,Food
slt bill 39931,Utilities
29741 beach,Entertainment
taxi 27609,Transport
beauty 7523,Personal Care
spa 13689,Personal Care
කොත්තු 45551,Food
soap Rs.31462,Shopping
7500 match ticket,Entertainment
fish Rs.39719,Shopping
33007 finance,Finance
tire change 43099,Transport
data Rs.36049,Utilities
dentist 31497,Health
23653 බඩු ගත්තා,Shopping
25270 නිකම්ම,Other
perfume salli 4768,Personal Care
11576 ණය,Finance
data Rs.16823,Utilities
17162 bank fee,Finance
daraz Rs.20328,Shopping
biscuit Rs.8371,Food
42565 threewheel,Transport
26055 library,Education
ලෝන් එකට 19850,Finance
22632 udemy,Education
18744 kewa,Food
beach salli 34718,Entertainment
විභාග ගාස්තු 32615,Education
47072 class fee,Education
pizza 7001,Food
vegetables 39408,Shopping
tax Rs.19160,Finance
වෙනත් Rs.12131,Other
35353 කෝස් එකට,Education
lab 8368,Health
trimming salli 19087,Personal Care
restaurant salli 45254,Food
34805 facewash,Personal Care
workshop salli 38291,Education
ගෑස් salli 38492,Utilities
11087 මේකප්,Personal Care
data Rs.10883,Utilities
highway toll Rs.42389,Transport
38428 cash,Other
fuel salli 10165,Transport
විභාග ගාස්තු salli 46220,Education
32451 tax,Finance
39701 meat,Shopping
වෙනත් salli 2602,Other
shaving Rs.9573,Personal Care
32043 vacation,Entertainment
34957 poth,Education
15256 threewheel,Transport
unknown salli 40796,Other
helping 39791,Gifts & Charity
4038 pizza,Food
21687 meat,Shopping
present 21621,Gifts & Charity
library Rs.22534,Education
37562 මේකප්,Personal Care
lost Rs.10308,Other
mobitel salli 10238,Utilities
23309 කොණ්ඩය කැපුවා,Personal Care
29882 other,Other
donation 28035,Gifts & Charity
lab Rs.8962,Health
highway toll 20186,Transport
movie Rs.10827,Entertainment
bike service 41869,Transport
hoppers Rs.32692,Food
stock salli 34306,Finance
mobitel 48587,Utilities
විභාග ගාස්තු Rs.45182,Education
18779 restaurant,Food
street food salli 42460,Food
unknown 47805,Other
කෝස් එකට salli 38785,Education
18713 medicine,Health
ලෝන් එකට 34552,Finance
gym Rs.33255,Personal Care
other salli 21730,Other
finance salli 21061,Finance
channeling salli 39070,Health
6687 cash,Other
petrol Rs.12805,Transport
pocket money Rs.15835,Other
hutch Rs.16836,Utilities
46908 තෑගි,Gifts & Charity
pizza Rs.9329,Food
10625 recharge,Utilities
40595 payment,Finance
udemy Rs.44274,Education
wade Rs.22011,Food
23493 finance,Finance
පන්ති ගාස්තු 36144,Education
pocket money salli 22542,Other
බඩු ගත්තා salli 43020,Shopping
panadol Rs.49699,Health
pen and paper salli 46046,Education
clinic 33380,Health
beer 40848,Entertainment
finance 36518,Finance
ඩොක්ටර්ට Rs.44920,Health
fish Rs.28110,Shopping
46854 crypto,Finance
21296 රීලෝඩ්,Utilities
credit card salli 10321,Finance
operation Rs.10016,Health
pin salli 47451,Gifts & Charity
34931 bag,Shopping
ඇඳුම් ගත්තා salli 42722,Shopping
barber Rs.7654,Personal Care
dansal salli 5773,Gifts & Charity
tax Rs.13427,Finance
grocery salli 17404,Shopping
watch Rs.38901,Shopping
13802 coffee,Food
leasing 13609,Finance
transport cost Rs.1677,Transport
restaurant salli 14118,Food
gas 38037,Utilities
5010 crypto,Finance
online course 49610,Education
loan salli 39898,Finance
ubereats Rs.23686,Food
තෑගි salli 21746,Gifts & Charity
වෙනත් Rs.7314,Other
1386 insurance,Finance
club Rs.6760,Entertainment
bill 19716,Utilities
hutch Rs.8518,Utilities
39710 tax,Finance
රෑ කෑම salli 32189,Food
බෙහෙත් වලට Rs.93,Health
2977 parking,Transport
22120 coffee,Food
hoppers salli 41572,Food
meat salli 48919,Shopping
19543 clothes,Shopping
clinic salli 26165,Health
42121 credit card,Finance
42448 pen and paper,Education
liquor 8950,Entertainment
tshirt salli 16575,Shopping
watch salli 26372,Shopping
game 35414,Entertainment
16729 beach,Entertainment
pharmacy Rs.39888,Health
28662 කඩෙන් කෑවා,Food
3160 postpaid,Utilities
mobitel salli 45687,Utilities
cargills 31636,Shopping
perfume salli 3340,Personal Care
47613 clothes,Shopping
makeup 4112,Personal Care
general salli 19795,Other
8558 recharge,Utilities
41100 alms,Gifts & Charity
pin 24069,Gifts & Charity
charity 36426,Gifts & Charity
hoppers Rs.14407,Food
dansal Rs.45745,Gifts & Charity
stock Rs.16179,Finance
garbage fee 555,Utilities
alms 750,Gifts & Charity
30982 book,Education
37752 pocket money,Other
online course salli 3693,Education
present 42229,Gifts & Charity
10615 fuel,Transport
uber Rs.17694,Transport
2412 අතමාරුව,Finance
vegetables Rs.31222,Shopping
tuk 9763,Transport
short eats Rs.31193,Food
අතමාරු ගත්තා Rs.35210,Finance
47616 pen and paper,Education
religious 11983,Gifts & Charity
නිකම්ම 747,Other
skincare Rs.31521,Personal Care
outing salli 15231,Entertainment
meat salli 9969,Shopping
22817 pickme,Transport
channeling Rs.18169,Health
22789 course,Education
shoppin salli 25074,Shopping
බත් 14265,Food
unknown 27008,Other
කඩෙන් කෑවා 44093,Food
pickme food 15662,Food
medical test 42597,Health
15710 කෝච්චියට,Transport
11695 season,Transport
unknown 11498,Other
3170 grocery,Shopping
7028 milk powder,Shopping
electricity salli 40111,Utilities
34250 coursera,Education
soap salli 7976,Personal Care
ubereats 46650,Food
soap 10875,Personal Care
6487 කෑම,Food
41072 pen and paper,Education
අතින් ගියා Rs.43503,Other
බනිස් salli 13586,Food
dhal Rs.1089,Shopping
poth Rs.7371,Education
කෝච්චියට Rs.36489,Transport
fitness salli 23596,Health
hair cut 38584,Personal Care
අතමාරුව Rs.26616,Finance
46795 trip,Entertainment
රෑ කෑම Rs.26413,Food
37289 misc,Other
අතමාරුව Rs.6791,Finance
6832 watch,Shopping
clothes salli 20770,Shopping
මේකප් Rs.33871,Personal Care
pickme Rs.41266,Transport
vacation Rs.11148,Entertainment
තෑගි Rs.16750,Gifts & Charity
12781 fuel,Transport
6431 leasing,Finance
අතමාරු ගත්තා 47375,Finance
cool drink Rs.37285,Food
postpaid Rs.15356,Utilities
trip 11357,Entertainment
netflix 37397,Entertainment
season Rs.46646,Transport
biscuit 30387,Food
ත්‍රීවීල් Rs.46191,Transport
water bill Rs.11246,Utilities
dhal 47522,Shopping
540 coursera,Education
43132 perfume,Personal Care
rice bag salli 28621,Shopping
gas Rs.40621,Utilities
rice salli 22684,Food
dhal 49084,Shopping
slt bill Rs.34044,Utilities
watch Rs.12945,Shopping
loan Rs.3334,Finance
phone bill Rs.19363,Utilities
coursera 45720,Education
11142 දානය,Gifts & Charity
beauty Rs.38655,Personal Care
auto Rs.13255,Transport
trip salli 30013,Entertainment
facewash 23358,Personal Care
අතින් ගියා salli 45834,Other
25848 burger,Food
වතුර බිල 28300,Utilities
49584 panthi,Education
8484 අතමාරු ගත්තා,Finance
insurance salli 14569,Finance
පෙට්‍රල් 33620,Transport
home rent Rs.37511,Utilities
body lotion salli 36964,Personal Care
gas Rs.38608,Utilities
ticket salli 17276,Transport
27432 credit card,Finance
library 47284,Education
pocket money Rs.40445,Other
21835 dental,Health
kitchen items Rs.12823,Shopping
makeup Rs.31931,Personal Care
supermarket 23275,Shopping
ඉන්ෂුවරන්ස් 38088,Finance
prepaid Rs.48377,Utilities
interest 2102,Finance
short eats 8369,Food
daraz salli 31629,Shopping
class fee salli 6725,Education
hutch Rs.48715,Utilities
recharge 32172,Utilities
සැලෝන් එකට salli 8016,Personal Care
බඩු ගත්තා 27267,Shopping
clinic salli 7125,Health
34752 vegetables,Shopping
4965 operation,Health
mobitel Rs.20201,Utilities
supermarket Rs.35686,Shopping
14827 leasing,Finance
parking Rs.41863,Transport
donation salli 49013,Gifts & Charity
channeling Rs.1993,Health
postpaid Rs.34661,Utilities
27072 stationary,Education
season 32660,Transport
biscuit salli 21075,Food
ඩොක්ටර්ට salli 15012,Health
other Rs.38101,Other
pin 4412,Gifts & Charity
other Rs.20274,Other
gaming salli 9789,Entertainment
15655 alms,Gifts & Charity
43881 gift,Gifts & Charity
pocket money salli 15273,Other
වෙනත් salli 5715,Other
present salli 4186,Gifts & Charity
supermarket salli 2434,Shopping
pen and paper Rs.18053,Education
9534 restaurant,Food
විනෝදෙට Rs.4551,Entertainment
loan 29465,Finance
stationary 544,Education
35380 tshirt,Shopping
credit card salli 26377,Finance
වෙනත් 4239,Other
salon salli 8391,Personal Care
wifi 46226,Utilities
facewash salli 3355,Personal Care
dental 42246,Health
don't know 44079,Other
ආධාර Rs.38573,Gifts & Charity
47853 gaming,Entertainment
helping 20698,Gifts & Charity
garbage fee Rs.2962,Utilities
donation Rs.48375,Gifts & Charity
leasing Rs.37915,Finance
vitamin Rs.47668,Health
නිකම්ම 10297,Other
furniture Rs.20279,Shopping
අතමාරුව Rs.47816,Finance
pocket money salli 25612,Other
නිකම්ම 27268,Other
වෙනත් salli 13314,Other
cash salli 43417,Other
vitamin 46904,Health
rice Rs.15264,Food
ෆාමසි 12961,Health
22078 gaming,Entertainment
33651 show,Entertainment
pickme food 9952,Food
trip Rs.46572,Entertainment
මේකප් 23899,Personal Care
beauty 49205,Personal Care
crypto salli 40641,Finance
library Rs.26630,Education
cash 42395,Other
offer salli 3644,Gifts & Charity
පෑන් පැන්සල් Rs.41261,Education
8514 කෝච්චියට,Transport
pin 1759,Gifts & Charity
outing Rs.13976,Entertainment
විභාග ගාස්තු Rs.6517,Education
ලෝන් එකට salli 11250,Finance
ඉන්ෂුවරන්ස් salli 15550,Finance
general salli 19327,Other
donation 8428,Gifts & Charity
36312 නයි පියවන්න,Finance
perfume Rs.18387,Personal Care
14058 cash,Other
2244 concert,Entertainment
bakery salli 35401,Food
shoppin Rs.205,Shopping
22056 ubereats,Food
fuel Rs.17061,Transport
dansal salli 19138,Gifts & Charity
payment 41040,Finance
cargills Rs.13165,Shopping
බඩු ගත්තා Rs.22787,Shopping
22061 beauty,Personal Care
lost Rs.38383,Other
youtube premium Rs.30773,Entertainment
ආධාර salli 19645,Gifts & Charity
46856 furniture,Shopping
bus Rs.7124,Transport
18660 stock,Finance
arpico salli 46953,Shopping
46499 පන්ති ගාස්තු,Education
28886 facewash,Personal Care
41493 වෙනත්,Other
පෑන් පැන්සල් salli 33643,Education
stock 34560,Finance
pocket money salli 37729,Other
47340 data,Utilities
insurance Rs.40347,Finance
25905 online course,Education
crypto Rs.19650,Finance
watch salli 29413,Shopping
ticket salli 35432,Transport
exam fee salli 13069,Education
wade Rs.2389,Food
prepaid salli 8301,Utilities
payment Rs.37250,Finance
match ticket 9695,Entertainment
නිකම්ම Rs.49842,Other
bike service salli 35855,Transport
35200 අතින් ගියා,Other
බර්ත්ඩේ 46821,Gifts & Charity
අතමාරු ගත්තා 39122,Finance
9981 shaving,Personal Care
panadol Rs.34574,Health
water bill Rs.49665,Utilities
බඩු ගත්තා 49819,Shopping
breakfast 15908,Food
concert salli 49708,Entertainment
car wash salli 16153,Transport
8087 threewheel,Transport
36428 kitchen items,Shopping
salon Rs.17521,Personal Care
online course 44700,Education
netflix Rs.9627,Entertainment
අතින් ගියා 30353,Other
body lotion 27348,Personal Care
data salli 18671,Utilities
30707 ඉන්ෂුවරන්ස්,Finance
30545 exam fee,Education
loan salli 10459,Finance
channeling Rs.3058,Health
library salli 16130,Education
4280 ෆාමසි,Health
ayurvedic 19535,Health
milk powder salli 43037,Shopping
religious 5415,Gifts & Charity
කඩෙන් කෑවා salli 35018,Food
4256 stationary,Education
ණය Rs.17492,Finance
vehicle repair salli 4238,Transport
cool drink salli 10528,Food
38328 ලෝන් එකට,Finance
9923 coffee,Food
salon 21096,Personal Care
බත් 6109,Food
pin salli 16822,Gifts & Charity
hutch 39971,Utilities
cool drink Rs.48973,Food
workshop salli 709,Education
gift Rs.1528,Gifts & Charity
වෙනත් Rs.48188,Other
පන්ති ගාස්තු salli 31263,Education
19408 taxi,Transport
facewash 45519,Personal Care
skincare salli 13293,Personal Care
garbage fee Rs.49212,Utilities
ඩිසල් Rs.45373,Transport
exam fee salli 19049,Education
3443 degree,Education
exam fee 2928,Education
channeling salli 20705,Health
3314 finance,Finance
streaming Rs.5314,Entertainment
41210 transport cost,Transport
බනිස් 10105,Food
facewash 47614,Personal Care
ෆිල්ම් salli 28324,Entertainment
24724 pants,Shopping
තේ බොන්න Rs.6216,Food
ආධාර Rs.29532,Gifts & Charity
dansal salli 24735,Gifts & Charity
කෝස් එකට Rs.19951,Education
doctor 23315,Health
leasing Rs.9163,Finance
cargills Rs.31990,Shopping
gift Rs.42854,Gifts & Charity
cool drink Rs.42819,Food
3513 gas,Utilities
49780 ගෑස්,Utilities
40266 clinic,Health
fiber Rs.28765,Utilities
13342 බනිස්,Food
health insurance salli 33808,Health
සෙල්ලම් කරන්න salli 43809,Entertainment
33862 වතුර බිල,Utilities
lunch salli 27830,Food
university 11288,Education
data 27903,Utilities
කොණ්ඩය කැපුවා salli 42701,Personal Care
gas Rs.20770,Utilities
offer Rs.28645,Gifts & Charity
wedding Rs.46284,Gifts & Charity
pin 30054,Gifts & Charity
netflix Rs.14406,Entertainment
shaving 11065,Personal Care
4145 stock,Finance
11447 නිකම්ම,Other
පෙට්‍රල් Rs.13928,Transport
youtube premium 12226,Entertainment
helping 33985,Gifts & Charity
නයි පියවන්න salli 35596,Finance
අතින් ගියා Rs.22077,Other
breakfast 9560,Food
religious 45490,Gifts & Charity
කෝස් එකට 48114,Education
22990 bag,Shopping
offer 20679,Gifts & Charity
gift salli 596,Gifts & Charity
university 15144,Education
14788 degree,Education
අතමාරුව Rs.49716,Finance
පින් වලට Rs.34718,Gifts & Charity
18114 tax,Finance
44650 vacation,Entertainment
14760 taxi,Transport
43794 kottu,Food
ඩොක්ටර්ට Rs.49142,Health
25345 විනෝදෙට,Entertainment
39011 charity,Gifts & Charity
current bill 9962,Utilities
physio 34175,Health
channeling salli 39850,Health
shaving Rs.12488,Personal Care
dental 7834,Health
meat 45423,Shopping
තෙල් salli 36400,Transport
රෑ කෑම 1349,Food
cinema 38783,Entertainment
auto Rs.44321,Transport
misc salli 21766,Other
club salli 40489,Entertainment
petrol 20417,Transport
milk powder Rs.35129,Shopping
movie 39025,Entertainment
hospital 7947,Health
11305 soap,Shopping
offer Rs.33962,Gifts & Charity
show Rs.27852,Entertainment
kema 18398,Food
meat salli 46216,Shopping
36354 කෝස් එකට,Education
bag 38309,Shopping
1066 soap,Shopping
general 4249,Other
misc Rs.12268,Other
10666 සැලෝන් එකට,Personal Care
udemy salli 37327,Education
clinic Rs.44958,Health
general salli 28151,Other
48953 shoes,Shopping
23096 burger,Food
lost Rs.45212,Other
degree salli 27180,Education
game 13873,Entertainment
unknown salli 5279,Other
donation 27982,Gifts & Charity
liquor Rs.35763,Entertainment
37692 grocery,Shopping
නයි පියවන්න salli 45182,Finance
pharmacy 23847,Health
19032 offer,Gifts & Charity
library salli 12128,Education
misc salli 12885,Other
ආධාර salli 2221,Gifts & Charity
cargills Rs.11762,Shopping
kewa salli 12605,Food
investment Rs.40648,Finance
1771 channeling,Health
short eats 36256,Food
48589 donation,Gifts & Charity
university salli 22975,Education
leasing 47167,Finance
නිකම්ම 3670,Other
6537 milk powder,Shopping
kewa 38441,Food
internet salli 26152,Utilities
4941 lab,Health
6284 poth,Education
10070 බත්,Food
තෑගි Rs.48944,Gifts & Charity
pants Rs.24164,Shopping
පන්ති ගාස්තු Rs.40621,Education
breakfast salli 15812,Food
කොණ්ඩය කැපුවා 6655,Personal Care
crypto 24883,Finance
දානය salli 3719,Gifts & Charity
medical test 46887,Health
lunch salli 16344,Food
සැලෝන් එකට salli 28024,Personal Care
ගෑස් 18581,Utilities
lost Rs.4713,Other
outing Rs.31290,Entertainment
29298 internet,Utilities
බර්ත්ඩේ 23498,Gifts & Charity
tax 30305,Finance
snacks Rs.17841,Food
wifi salli 5854,Utilities
milk powder salli 48938,Shopping
credit card salli 16644,Finance
වතුර බිල salli 36090,Utilities
skincare Rs.49973,Personal Care
meat Rs.23350,Shopping
11168 fitness,Health
bakery 1407,Food
පෙට්‍රල් salli 47339,Transport
credit card Rs.4368,Finance
45735 taxi,Transport
ආධාර 12425,Gifts & Charity
kewa Rs.7932,Food
office go 42261,Transport
shoppin Rs.27824,Shopping
28682 hair color,Personal Care
netflix 6334,Entertainment
soap 29047,Shopping
විනෝදෙට Rs.41087,Entertainment
burger salli 27868,Food
investment Rs.15680,Finance
wedding Rs.35738,Gifts & Charity
vitamin salli 18527,Health
slt bill 3040,Utilities
insurance 29790,Finance
leasing 36684,Finance
pocket money Rs.7008,Other
coursera 45919,Education
hutch salli 42041,Utilities
arpico salli 26922,Shopping
fish Rs.35440,Shopping
car wash Rs.5617,Transport
pin Rs.46988,Gifts & Charity
bill 4528,Utilities
42715 crypto,Finance
හොස්පිට්ල් salli 6832,Health
7661 බත්,Food
17827 නයි පියවන්න,Finance
43714 salon,Personal Care
class fee 28487,Education
fitness salli 42323,Health
dansal Rs.24044,Gifts & Charity
car wash 11813,Transport
hoppers salli 41072,Food
tea salli 21939,Food
body lotion Rs.23795,Personal Care
මුදල් 12174,Other
මුදල් Rs.18119,Other
gaming 6040,Entertainment
fuel Rs.20671,Transport
බර්ත්ඩේ Rs.34606,Gifts & Charity
physio Rs.9200,Health
internet Rs.16716,Utilities
birthday Rs.12167,Gifts & Charity
බර්ත්ඩේ salli 23048,Gifts & Charity
helping 48136,Gifts & Charity
චැනලින් 34440,Health
stationary 31410,Education
degree Rs.49518,Education
snacks 21675,Food
41082 movie,Entertainment
highway toll salli 9294,Transport
loan salli 5219,Finance
30485 බඩු ගත්තා,Shopping
makeup 2282,Personal Care
පන්ති ගාස්තු salli 4380,Education
coursera 20573,Education
religious 44538,Gifts & Charity
44092 perfume,Personal Care
pants Rs.18268,Shopping
don't know salli 29713,Other
නිකම්ම 6296,Other
book 34660,Education
689 බඩු ගත්තා,Shopping
data salli 21180,Utilities
කෝස් එකට salli 6128,Education
restaurant Rs.485,Food
ආධාර 42805,Gifts & Charity
stock 24193,Finance
12182 vitamin,Health
bank fee Rs.7269,Finance
medicine Rs.41818,Health
අතමාරු ගත්තා Rs.41338,Finance
11402 vehicle repair,Transport
sugar Rs.31454,Shopping
dentist 26808,Health
සැලෝන් එකට Rs.23299,Personal Care
cargills Rs.39424,Shopping
215 stock,Finance
334 car wash,Transport
finance salli 39088,Finance
විභාග ගාස්තු Rs.17418,Education
40838 cinema,Entertainment
skincare Rs.3692,Personal Care
workshop 26594,Education
47805 රීලෝඩ්,Utilities
25073 keells,Shopping
පින් වලට salli 7446,Gifts & Charity
coursera salli 18913,Education
present Rs.37724,Gifts & Charity
loan Rs.12402,Finance
vacation 38384,Entertainment
insurance Rs.33277,Finance
wedding 28532,Gifts & Charity
pickme 46045,Transport
fiber salli 45219,Utilities
kitchen items 5194,Shopping
book 27304,Education
pin 35706,Gifts & Charity
clinic salli 43001,Health
pants Rs.22195,Shopping
28088 tuk,Transport
poth Rs.37536,Education
29590 misc,Other
3438 facewash,Personal Care
beauty salli 16934,Personal Care
threewheel salli 42471,Transport
panthi salli 40419,Education
22154 misc,Other
34256 donation,Gifts & Charity
3493 phone bill,Utilities
32529 අතමාරු ගත්තා,Finance
recharge 46926,Utilities
bank fee 23562,Finance
game 27231,Entertainment
unknown 14878,Other
4263 pants,Shopping
wedding salli 38005,Gifts & Charity
42147 taxi,Transport
45639 විනෝදෙට,Entertainment
19782 hospital,Health
පින් වලට Rs.17494,Gifts & Charity
8851 stock,Finance
16667 hutch,Utilities
course Rs.32271,Education
office go Rs.43325,Transport
interest Rs.8509,Finance
online course salli 17505,Education
බෙහෙත් වලට Rs.35342,Health
5710 alms,Gifts & Charity
35947 charity,Gifts & Charity
tire change 260,Transport
physio Rs.20528,Health
spa Rs.1543,Personal Care
degree Rs.18575,Education
විභාග ගාස්තු 48386,Education
තේ බොන්න salli 11420,Food
internet Rs.45293,Utilities
dansal salli 21648,Gifts & Charity
crypto 6032,Finance
general salli 45904,Other
charity salli 32862,Gifts & Charity
threewheel 26115,Transport
7213 ayurvedic,Health
10737 දවල් කෑමට,Food
spotify 26928,Entertainment
slt bill salli 35724,Utilities
1572 පින් වලට,Gifts & Charity
4908 recharge,Utilities
19685 water bill,Utilities
47843 කොත්තු,Food
clinic salli 26169,Health
birthday 14896,Gifts & Charity
concert 13078,Entertainment
health insurance 5082,Health
netflix 7683,Entertainment
43541 කොණ්ඩය කැපුවා,Personal Care
credit card Rs.98,Finance
අතින් ගියා salli 49584,Other
keells salli 27797,Shopping
බඩු ගත්තා salli 46438,Shopping
44033 වෙනත්,Other
donation 34930,Gifts & Charity
electricity 21081,Utilities
34481 බෙහෙත් වලට,Health
22768 wade,Food
4414 vitamin,Health
body lotion 13614,Personal Care
සපත්තු salli 23385,Shopping
movie 23017,Entertainment
අතින් ගියා 26348,Other
hair cut 44473,Personal Care
vitamin salli 972,Health
ලයිට් බිල salli 44028,Utilities
tire change Rs.37120,Transport
ayurvedic 11277,Health
game Rs.16273,Entertainment
beer 17908,Entertainment
helping Rs.43151,Gifts & Charity
pickme food salli 27574,Food
soap salli 8910,Shopping
beer Rs.17167,Entertainment
university salli 1524,Education
27362 operation,Health
unknown salli 5457,Other
32556 ආධාර,Gifts & Charity
33531 skincare,Personal Care
732 channeling,Health
ayurvedic 49903,Health
stationary salli 11523,Education
dhal salli 43458,Shopping
bike service salli 32260,Transport
diesel 26922,Transport
insurance 10274,Finance
shampoo salli 49032,Shopping
beheth salli 44951,Health
helping Rs.24285,Gifts & Charity
doctor Rs.17502,Health
trimming salli 20542,Personal Care
33777 car wash,Transport
46563 tire change,Transport
class fee 34296,Education
13654 degree,Education
කෝස් එකට 29933,Education
කොණ්ඩය කැපුවා Rs.30392,Personal Care
6796 කෑම,Food
20532 youtube premium,Entertainment
class fee 37371,Education
සැලෝන් එකට salli 23078,Personal Care
misc 27132,Other
liquor 48066,Entertainment
medical test salli 38196,Health
crypto 24567,Finance
28135 beach,Entertainment
පෑන් පැන්සල් 8375,Education
rice bag salli 30212,Shopping
birthday 17498,Gifts & Charity
investment 20855,Finance
gym salli 38465,Personal Care
supermarket Rs.34951,Shopping
tax salli 34586,Finance
7329 loan,Finance
panthi salli 25752,Education
body lotion salli 12139,Personal Care
medicine 27167,Health
spent 48492,Other
class fee 39803,Education
24975 lost,Other
47378 dhal,Shopping
pen and paper salli 13276,Education
charity salli 31168,Gifts & Charity
soap salli 40859,Personal Care
tuition 28542,Education
කෝස් එකට Rs.13394,Education
gas 37004,Utilities
vacation salli 1023,Entertainment
leasing salli 48811,Finance
trimming 21151,Personal Care
barber salli 14397,Personal Care
මුදල් salli 46840,Other
investment Rs.42926,Finance
lost Rs.45436,Other
streaming 23214,Entertainment
8083 පන්ති ගාස්තු,Education
course Rs.44252,Education
34062 ෆිල්ම්,Entertainment
phone bill 10764,Utilities
gym salli 43631,Personal Care
streaming Rs.48767,Entertainment
දානය 20377,Gifts & Charity
helping Rs.17112,Gifts & Charity
train salli 49617,Transport
hotel bill salli 10282,Food
බත් Rs.1876,Food
34994 dental,Health
අතින් ගියා salli 26023,Other
spent 16064,Other
soap salli 11090,Personal Care
tax salli 46020,Finance
192 pin,Gifts & Charity
medicine 37188,Health
operation Rs.21025,Health
කොත්තු 32094,Food
බත් Rs.30133,Food
පොත් වලට salli 49427,Education
wifi salli 10084,Utilities
threewheel Rs.29227,Transport
40998 මේකප්,Personal Care
මුදල් salli 29546,Other
soap salli 33586,Personal Care
fare salli 15572,Transport
bank fee salli 14511,Finance
49066 spa,Personal Care
37948 daraz,Shopping
lab Rs.48807,Health
gift Rs.30097,Gifts & Charity
27959 crypto,Finance
general salli 4481,Other
bike service 22707,Transport
dentist salli 45805,Health
16417 book,Education
present salli 16388,Gifts & Charity
පොත් වලට salli 44296,Education
4259 bike service,Transport
gaming Rs.29712,Entertainment
දානය salli 48403,Gifts & Charity
youtube premium Rs.18286,Entertainment
facewash salli 6324,Personal Care
25659 don't know,Other
medicine salli 6454,Health
bill 47429,Utilities
hair color Rs.35734,Personal Care
7567 short eats,Food
spent 45980,Other
19561 facewash,Personal Care
46572 insurance,Finance
watch Rs.5766,Shopping
pickme food salli 24355,Food
party salli 25431,Entertainment
7502 concert,Entertainment
මුදල් Rs.4135,Other
fuel Rs.47244,Transport
39090 රෑ කෑම,Food
ට්‍රිප් Rs.24061,Entertainment
supermarket 26248,Shopping
grocery 28481,Shopping
bank fee salli 23893,Finance
11588 tshirt,Shopping
donation salli 45480,Gifts & Charity
electricity salli 11103,Utilities
dialog 31702,Utilities
48399 beauty,Personal Care
1573 drink,Food
short eats salli 49512,Food
pocket money 41067,Other
offer 2671,Gifts & Charity
42817 spa,Personal Care
workshop Rs.34917,Education
27711 wedding,Gifts & Charity
fitness Rs.13612,Health
insurance Rs.26158,Finance
spa Rs.42282,Personal Care
9869 skincare,Personal Care
රෑ කෑම 45723,Food
ත්‍රීවීල් Rs.28113,Transport
street food 4456,Food
ඩිසල් salli 2529,Transport
clinic salli 46435,Health
liquor salli 28092,Entertainment
netflix 34238,Entertainment
hair color 27634,Personal Care
tire change 42122,Transport
panadol salli 27021,Health
15922 වෙනත්,Other
loan 20149,Finance
විභාග ගාස්තු salli 16276,Education
salon 3491,Personal Care
ලයිට් බිල 6292,Utilities
spotify 3437,Entertainment
ඩිසල් Rs.15295,Transport
supermarket 25091,Shopping
alms 32529,Gifts & Charity
general 13184,Other
cinema Rs.37918,Entertainment
රෑ කෑම salli 25085,Food
pants 16179,Shopping
water bill Rs.49141,Utilities
gaming salli 11841,Entertainment
tire change salli 17958,Transport
spa salli 19264,Personal Care
14150 body lotion,Personal Care
leasing Rs.37958,Finance
pharmacy Rs.31993,Health
pocket money Rs.42829,Other
diesel 30334,Transport
7947 alms,Gifts & Charity
29575 hair color,Personal Care
48130 street food,Food
broadband Rs.16620,Utilities
පෑන් පැන්සල් Rs.8631,Education
ලයිට් බිල salli 49936,Utilities
ticket 9040,Transport
17456 streaming,Entertainment
keells salli 31086,Shopping
3820 හොස්පිට්ල්,Health
මුදල් 2605,Other
29637 show,Entertainment
fuel 14701,Transport
බිල් එකට 20229,Utilities
vegetables 11337,Shopping
body lotion 32689,Personal Care
vitamin 26585,Health
beauty Rs.35404,Personal Care
gift Rs.5672,Gifts & Charity
අතමාරුව salli 32384,Finance
dhal Rs.46799,Shopping
youtube premium salli 46056,Entertainment
helping salli 24466,Gifts & Charity
6600 interest,Finance
coursera Rs.25465,Education
donation salli 40263,Gifts & Charity
arpico Rs.44240,Shopping
31925 විනෝදෙට,Entertainment
barber salli 40943,Personal Care
religious Rs.17053,Gifts & Charity
taxi salli 30648,Transport
පොත් වලට 47104,Education
tax salli 884,Finance
payment salli 22380,Finance
misc Rs.7770,Other
බනිස් 48179,Food
38741 ඩොක්ටර්ට,Health
present Rs.14395,Gifts & Charity
exam fee salli 35684,Education
dinner Rs.30397,Food
pharmacy 753,Health
37941 payment,Finance
49626 මේකප්,Personal Care
short eats 23591,Food
kottu 46043,Food
40532 finance,Finance
outing Rs.17911,Entertainment
gift Rs.1889,Gifts & Charity
26198 බර්ත්ඩේ,Gifts & Charity
39035 religious,Gifts & Charity
42853 concert,Entertainment
offer 20538,Gifts & Charity
නිකම්ම 9582,Other
ජිම් එකට salli 33038,Personal Care
prepaid 12334,Utilities
train salli 15783,Transport
season 24994,Transport
නිකම්ම 18039,Other
spent 44856,Other
kitchen items salli 25641,Shopping
24570 lost,Other
dhal Rs.41143,Shopping
facewash 26811,Personal Care
loan Rs.17150,Finance
milk powder salli 17478,Shopping
26063 vacation,Entertainment
25421 bag,Shopping
7418 gym,Personal Care
crypto 32287,Finance
spent salli 43746,Other
panthi Rs.18478,Education
hutch 39522,Utilities
cash 11397,Other
gift Rs.48926,Gifts & Charity
poth Rs.36902,Education
25969 data,Utilities
current bill 27329,Utilities
season 11534,Transport
422 doctor,Health
14907 කෝච්චියට,Transport
dansal salli 38019,Gifts & Charity
panthi salli 39547,Education
parking Rs.6600,Transport
tax 33362,Finance
16067 class fee,Education
show Rs.36257,Entertainment
5606 සැලෝන් එකට,Personal Care
ආධාර 30241,Gifts & Charity
fuel 39527,Transport
48720 gym,Personal Care
bag 45312,Shopping
සෙල්ලම් කරන්න salli 35181,Entertainment
72 vitamin,Health
don't know salli 30725,Other
spent Rs.35356,Other
vehicle repair 30949,Transport
hutch salli 16283,Utilities
medical test salli 20764,Health
makeup salli 30098,Personal Care
පෙට්‍රල් Rs.12147,Transport
crypto 35776,Finance
gas 37705,Utilities
පෑන් පැන්සල් 26023,Education
helping Rs.7339,Gifts & Charity
tuition 23618,Education
shaving salli 33831,Personal Care
අතමාරු ගත්තා 15194,Finance
vegetables Rs.34462,Shopping
soap Rs.10493,Personal Care
hair cut 33625,Personal Care
phone bill 5973,Utilities
pickme food salli 16695,Food
bank fee salli 47416,Finance
library salli 31004,Education
don't know 49578,Other
අතමාරු ගත්තා 42841,Finance
physio salli 25515,Health
32428 දානය,Gifts & Charity
tuition 11032,Education
beach salli 2962,Entertainment
කෝච්චියට Rs.38496,Transport
train Rs.21630,Transport
48392 පින් වලට,Gifts & Charity
soap Rs.1475,Personal Care
class fee Rs.31438,Education
45037 netflix,Entertainment
pin 46124,Gifts & Charity
don't know Rs.22600,Other
මුදල් 12584,Other
crypto Rs.42598,Finance
21953 pants,Shopping
health insurance Rs.40548,Health
35237 degree,Education
shoes 19324,Shopping
present salli 40285,Gifts & Charity
investment 3053,Finance
සෙල්ලම් කරන්න Rs.25456,Entertainment
kottu salli 682,Food
train Rs.45729,Transport
5233 fitness,Health
41616 ලයිට් බිල,Utilities
76 coursera,Education
car wash Rs.14189,Transport
restaurant Rs.1084,Food
poth 4168,Education
ලෝන් එකට Rs.10731,Finance
season 28281,Transport
සපත්තු 42791,Shopping
show 42717,Entertainment
41936 burger,Food
pants salli 44225,Shopping
don't know Rs.23346,Other
class fee salli 4952,Education
petrol Rs.42144,Transport
පන්ති ගාස්තු Rs.44560,Education
vegetables 3094,Shopping
cargills Rs.4240,Shopping
shampoo Rs.2655,Shopping
42118 wade,Food
hoppers 5703,Food
helping salli 41908,Gifts & Charity
insurance 31829,Finance
32261 මුදල්,Other
bakery 16840,Food
milk powder Rs.15796,Shopping
පින් වලට salli 28047,Gifts & Charity
threewheel Rs.30702,Transport
තෑගි 25806,Gifts & Charity
donation salli 36671,Gifts & Charity
33452 pharmacy,Health
15103 milk powder,Shopping
club salli 28054,Entertainment
1897 wedding,Gifts & Charity
threewheel 47289,Transport
25616 short eats,Food
crypto Rs.19064,Finance
පෑන් පැන්සල් salli 27678,Education
පින් වලට salli 34790,Gifts & Charity
රීලෝඩ් 41023,Utilities
26065 tax,Finance
book salli 29504,Education
wade 33654,Food
33906 data,Utilities
20024 match ticket,Entertainment
මේකප් salli 20479,Personal Care
body lotion Rs.16677,Personal Care
15974 health insurance,Health
33341 pickme food,Food
වතුර බිල Rs.28473,Utilities
බර්ත්ඩේ Rs.38729,Gifts & Charity
trip Rs.2706,Entertainment
bank fee Rs.46699,Finance
27115 ගෑස්,Utilities
offer 34330,Gifts & Charity
shaving Rs.32727,Personal Care
මුදල් Rs.49330,Other
40215 ඩොක්ටර්ට,Health
16213 rice bag,Shopping
slt bill Rs.32439,Utilities
doctor salli 20210,Health
38787 dhal,Shopping
threewheel salli 38917,Transport
මේකප් 26368,Personal Care
3038 donation,Gifts & Charity
41248 coursera,Education
threewheel 41403,Transport
9308 lunch,Food
අතමාරුව Rs.45795,Finance
33834 gym,Personal Care
කඩෙන් කෑවා salli 3330,Food
බඩු ගත්තා salli 41791,Shopping
book 18295,Education
අතින් ගියා 17932,Other
වෙනත් Rs.20446,Other
පන්ති ගාස්තු 4464,Education
රීලෝඩ් Rs.18579,Utilities
daraz Rs.33482,Shopping
kottu salli 49134,Food
කෝස් එකට salli 21545,Education
kewa salli 46817,Food
35267 medical test,Health
32931 ට්‍රිප්,Entertainment
soap salli 16613,Personal Care
42310 කඩෙන් කෑවා,Food
වෙනත් 35648,Other
watch 23275,Shopping
vegetables salli 16638,Shopping
university Rs.10318,Education
ජිම් එකට 46673,Personal Care
22464 snacks,Food
milk powder Rs.30561,Shopping
fiber 22069,Utilities
present 8484,Gifts & Charity
library salli 14403,Education
outing Rs.23379,Entertainment
44608 phone bill,Utilities
38473 diesel,Transport
alms 2808,Gifts & Charity
gift Rs.43885,Gifts & Charity
ෆිල්ම් salli 17258,Entertainment
operation salli 29095,Health
movie 8318,Entertainment
ණය 31770,Finance
match ticket Rs.3881,Entertainment
pin Rs.35415,Gifts & Charity
ජිම් එකට 36537,Personal Care
17715 trip,Entertainment
unknown Rs.39779,Other
class fee salli 41419,Education
birthday 8673,Gifts & Charity
2049 wedding,Gifts & Charity
පොත් වලට 37546,Education
ලෝන් එකට Rs.47344,Finance
gym Rs.4055,Personal Care
ෆිල්ම් Rs.4265,Entertainment
31398 gift,Gifts & Charity
diesel salli 41073,Transport
ජිම් එකට 24182,Personal Care
facewash Rs.42005,Personal Care
offer 36879,Gifts & Charity
අතමාරු ගත්තා Rs.8542,Finance
course salli 17850,Education
tuk salli 14311,Transport
wade Rs.42559,Food
trip salli 306,Entertainment
general 38233,Other
රීලෝඩ් Rs.6127,Utilities
42567 game,Entertainment
42198 gym,Personal Care
35818 bag,Shopping
16016 home rent,Utilities
bag Rs.16699,Shopping
17139 watch,Shopping
11274 beauty,Personal Care
37983 pizza,Food
hair color salli 10860,Personal Care
offer 5572,Gifts & Charity
10981 cinema,Entertainment
1387 චැනලින්,Health
hospital salli 28128,Health
15676 meat,Shopping
පෑන් පැන්සල් Rs.40180,Education
pickme food Rs.39466,Food
furniture salli 30374,Shopping
workshop 26497,Education
21097 ආධාර,Gifts & Charity
tshirt Rs.8520,Shopping
45125 cash,Other
bus salli 18747,Transport
present 39133,Gifts & Charity
6285 liquor,Entertainment
bill Rs.22344,Utilities
තෙල් Rs.6918,Transport
7674 කඩෙන් කෑවා,Food
rice and curry salli 43694,Food
medicine Rs.21189,Health
hotel bill 40918,Food
channeling Rs.1369,Health
spotify salli 42808,Entertainment
පොත් වලට salli 5655,Education
diesel Rs.30716,Transport
7771 drink,Food
447 spotify,Entertainment
බස් එකට 44903,Transport
water bill 16103,Utilities
gift Rs.43182,Gifts & Charity
water bill salli 39772,Utilities
පන්ති ගාස්තු salli 4847,Education
wifi 41736,Utilities
soap Rs.10526,Personal Care
කෑම Rs.7321,Food
eye check Rs.40332,Health
investment salli 7884,Finance
water bill salli 44863,Utilities
tuk salli 12358,Transport
sugar salli 45141,Shopping
shaving salli 45483,Personal Care
ticket salli 4222,Transport
class fee 13886,Education
birthday Rs.705,Gifts & Charity
34594 streaming,Entertainment
wifi 48444,Utilities
exam fee salli 7008,Education
25065 ආධාර,Gifts & Charity
investment salli 30099,Finance
රෑ කෑම Rs.34056,Food
42646 adventure,Entertainment
offer salli 30001,Gifts & Charity
vegetables salli 6214,Shopping
cash 38138,Other
lost salli 31391,Other
37059 ayurvedic,Health
ත්‍රීවීල් salli 29050,Transport
reload 42169,Utilities
trimming Rs.34375,Personal Care
crypto Rs.30288,Finance
රෑ කෑම 6394,Food
cool drink Rs.41767,Food
41505 liquor,Entertainment
grocery Rs.4962,Shopping
garbage fee Rs.14467,Utilities
18904 general,Other
ඉන්ෂුවරන්ස් 35406,Finance
club 29921,Entertainment
වෙනත් 12508,Other
snacks salli 21058,Food
ලයිට් බිල 8856,Utilities
15258 body lotion,Personal Care
fuel salli 27538,Transport
pickme food Rs.40741,Food
match ticket Rs.35507,Entertainment
12656 barber,Personal Care
බිල් එකට 12470,Utilities
රීලෝඩ් 16657,Utilities
චැනලින් Rs.30147,Health
බඩු ගත්තා Rs.29788,Shopping
finance 35945,Finance
pickme food Rs.25927,Food
skincare salli 34474,Personal Care
tuition 15470,Education
gaming salli 5798,Entertainment
exam fee Rs.33801,Education
කෝස් එකට salli 49975,Education
38390 tuition,Education
furniture 17732,Shopping
28438 data,Utilities
11079 home rent,Utilities
බස් එකට 15228,Transport
7049 තෙල්,Transport
unknown salli 8682,Other
coffee Rs.12929,Food
19297 kewa,Food
40025 shampoo,Shopping
train salli 39621,Transport
1030 නයි පියවන්න,Finance
lunch salli 247,Food
බඩු ගත්තා 28171,Shopping
kitchen items 19777,Shopping
slt bill Rs.16743,Utilities
offer salli 16067,Gifts & Charity
clinic Rs.40341,Health
highway toll Rs.10528,Transport
15804 hair cut,Personal Care
uber 19443,Transport
ඉන්ෂුවරන්ස් 15510,Finance
22496 crypto,Finance
48450 other,Other
trip 41959,Entertainment
crypto salli 25416,Finance
tuition 20762,Education
kema salli 49848,Food
මුදල් salli 32019,Other
43920 petrol,Transport
34165 salon,Personal Care
transport cost salli 21628,Transport
bank fee salli 42246,Finance
show Rs.39636,Entertainment
workshop salli 5054,Education
bank fee 34396,Finance
31292 ayurvedic,Health
gaming salli 40613,Entertainment
petrol salli 44467,Transport
pickme salli 41674,Transport
32648 course,Education
dhal Rs.22047,Shopping
lab 49670,Health
ayurvedic 14298,Health
11938 charity,Gifts & Charity
tea 22820,Food
2961 soap,Personal Care
hospital salli 13360,Health
456 trimming,Personal Care
movie 18808,Entertainment
ඉන්ෂුවරන්ස් 15971,Finance
short eats Rs.9239,Food
13626 physio,Health
8722 රෑ කෑම,Food
vacation Rs.27181,Entertainment
club salli 41493,Entertainment
short eats 22365,Food
31299 fare,Transport
අතින් ගියා salli 21107,Other
kema Rs.2594,Food
ඉන්ෂුවරන්ස් Rs.11643,Finance
payment Rs.14823,Finance
rice and curry salli 7922,Food
24411 kottu,Food
vitamin 28465,Health
20090 වෙනත්,Other
soap Rs.45104,Personal Care
bus Rs.4819,Transport
coursera Rs.42665,Education
28716 show,Entertainment
vegetables 38566,Shopping
කොණ්ඩය කැපුවා salli 49937,Personal Care
11986 bag,Shopping
burger 4135,Food
taxi 12174,Transport
24626 misc,Other
විභාග ගාස්තු 34962,Education
makeup salli 34006,Personal Care
35514 birthday,Gifts & Charity
25497 workshop,Education
1298 hair cut,Personal Care
7580 charity,Gifts & Charity
youtube premium Rs.41154,Entertainment
34968 අතින් ගියා,Other
wifi salli 6070,Utilities
medical test Rs.14689,Health
5839 පොත් වලට,Education
නිකම්ම salli 18699,Other
13804 dentist,Health
206 wifi,Utilities
slt bill salli 48124,Utilities
12174 skincare,Personal Care
club salli 22313,Entertainment
ඩොක්ටර්ට Rs.23771,Health
class fee Rs.42338,Education
dentist Rs.19655,Health
birthday salli 46057,Gifts & Charity
medical test Rs.2035,Health
concert Rs.48092,Entertainment
vegetables salli 7718,Shopping
19058 car wash,Transport
parking salli 11085,Transport
23634 stock,Finance
hutch Rs.4931,Utilities
19003 kewa,Food
credit card Rs.45826,Finance
16191 party,Entertainment
47385 පෙට්‍රල්,Transport
6601 vitamin,Health
මුදල් Rs.30659,Other
helping salli 42329,Gifts & Charity
33455 watch,Shopping
තෑගි salli 35739,Gifts & Charity
26449 ෆිල්ම්,Entertainment
slt bill Rs.43111,Utilities
charity 49910,Gifts & Charity
daraz 16317,Shopping
finance salli 47687,Finance
10546 milk powder,Shopping
short eats salli 8592,Food
season 23627,Transport
dansal salli 37748,Gifts & Charity
beauty Rs.30145,Personal Care
24946 other,Other
41456 ticket,Transport
පොත් වලට salli 17238,Education
eye check 17096,Health
tuition salli 26308,Education
ayurvedic Rs.20822,Health
uber Rs.39376,Transport
dinner salli 9620,Food
ticket Rs.35983,Transport
data salli 13024,Utilities
cinema 45151,Entertainment
youtube premium salli 1504,Entertainment
online course 34918,Education
bike service 8461,Transport
මේකප් salli 2283,Personal Care
keells Rs.41141,Shopping
පෑන් පැන්සල් salli 41973,Education
බර්ත්ඩේ salli 18808,Gifts & Charity
gym Rs.40930,Personal Care
9238 leasing,Finance
lost 44200,Other
stationary salli 35442,Education
ලයිට් බිල salli 33672,Utilities
නිකම්ම salli 16770,Other
44915 pants,Shopping
කොත්තු Rs.39802,Food
6427 panthi,Education
dental salli 28148,Health
facewash salli 13602,Personal Care
ත්‍රීවීල් Rs.46369,Transport
30720 youtube premium,Entertainment
misc salli 4932,Other
gift 2408,Gifts & Charity
13069 අතමාරුව,Finance
cash salli 32609,Other
phone bill salli 20551,Utilities
kottu salli 25121,Food
fish salli 37981,Shopping
facewash Rs.4639,Personal Care
auto 49609,Transport
youtube premium salli 16321,Entertainment
cinema Rs.14410,Entertainment
bus salli 30031,Transport
45945 charity,Gifts & Charity
exam fee Rs.36391,Education
credit card salli 36105,Finance
pocket money Rs.27055,Other
payment salli 41883,Finance
37858 general,Other
29922 මේකප්,Personal Care
milk powder 16330,Shopping
අතමාරු ගත්තා 23303,Finance
cash salli 37569,Other
pocket money salli 21117,Other
45407 ඉන්ෂුවරන්ස්,Finance
43847 home rent,Utilities
beauty salli 5470,Personal Care
panthi Rs.26259,Education
බිල් එකට Rs.6782,Utilities
postpaid Rs.24259,Utilities
බෙහෙත් වලට salli 1166,Health
donation salli 48861,Gifts & Charity
49816 university,Education
4752 cool drink,Food
dentist 17029,Health
offer 46905,Gifts & Charity
present salli 35317,Gifts & Charity
rice Rs.3050,Food
donation 37406,Gifts & Charity
32798 පන්ති ගාස්තු,Education
tire change Rs.16362,Transport
ඉන්ෂුවරන්ස් 46601,Finance
payment 29522,Finance
kitchen items Rs.45474,Shopping
ට්‍රිප් salli 2515,Entertainment
47207 මුදල්,Other
charity Rs.23875,Gifts & Charity
tshirt salli 40856,Shopping
38377 තෑගි,Gifts & Charity
බඩු ගත්තා Rs.27673,Shopping
මුදල් Rs.40293,Other
skincare salli 49151,Personal Care
wedding 14718,Gifts & Charity
rice bag Rs.22211,Shopping
rice and curry Rs.18297,Food
spent Rs.37420,Other
14081 බඩු ගත්තා,Shopping
ඉන්ෂුවරන්ස් salli 11123,Finance
religious 49249,Gifts & Charity
7119 spent,Other
panthi salli 10627,Education
වතුර බිල salli 44530,Utilities
11951 ආධාර,Gifts & Charity
trip 21381,Entertainment
trip 47606,Entertainment
1018 පන්ති ගාස්තු,Education
burger 20561,Food
36026 hair cut,Personal Care
සැලෝන් එකට 30903,Personal Care
9515 operation,Health
donation salli 13373,Gifts & Charity
bakery 9691,Food
tuition 20748,Education
කෝස් එකට Rs.49422,Education
දානය salli 21599,Gifts & Charity
bus 9000,Transport
44279 ලයිට් බිල,Utilities
lab Rs.46751,Health
13346 dialog,Utilities
lunch 41598,Food
22862 cash,Other
eye check salli 41021,Health
tire change salli 8500,Transport
34956 fish,Shopping
චැනලින් 35210,Health
cash salli 3712,Other
37406 පින් වලට,Gifts & Charity
vitamin salli 48561,Health
finance Rs.38772,Finance
credit card salli 25523,Finance
hutch 13959,Utilities
prepaid 4278,Utilities
17500 bakery,Food
helping salli 34839,Gifts & Charity
charity Rs.42399,Gifts & Charity
adventure 7029,Entertainment
8855 pickme,Transport
ubereats salli 36328,Food
vitamin Rs.2668,Health
42776 facewash,Personal Care
17309 game,Entertainment
barber Rs.26886,Personal Care
3824 ලෝන් එකට,Finance
කෑම salli 42738,Food
arpico salli 4574,Shopping
library Rs.30833,Education
40293 gas,Utilities
unknown 11893,Other
bike service salli 31613,Transport
insurance salli 41805,Finance
loan salli 38912,Finance
බිල් එකට 6522,Utilities
cash salli 42572,Other
credit card salli 10909,Finance
train 40119,Transport
ඩිසල් Rs.20781,Transport
car wash salli 41816,Transport
පෑන් පැන්සල් Rs.47626,Education
fuel salli 16202,Transport
pharmacy salli 38232,Health
23003 vehicle repair,Transport
49584 clinic,Health
පින් වලට Rs.19787,Gifts & Charity
unknown salli 11766,Other
1279 පෑන් පැන්සල්,Education
soap 22230,Personal Care
donation Rs.47897,Gifts & Charity
degree 29684,Education
49945 vitamin,Health
31594 biscuit,Food
37242 recharge,Utilities
credit card Rs.29664,Finance
stock salli 29517,Finance
tire change Rs.6661,Transport
8113 cash,Other
loan salli 31131,Finance
4712 mobitel,Utilities
46546 unknown,Other
46978 ලෝන් එකට,Finance
rice and curry Rs.3809,Food
unknown 24678,Other
ලෝන් එකට Rs.44654,Finance
recharge 3491,Utilities
ubereats 42865,Food
medical test 20775,Health
shampoo salli 13247,Shopping
කෝච්චියට Rs.41892,Transport
current bill 20140,Utilities
makeup salli 25719,Personal Care
present 29110,Gifts & Charity
24160 alms,Gifts & Charity
12902 doctor,Health
panadol salli 9991,Health
පින් වලට Rs.30497,Gifts & Charity
present salli 33216,Gifts & Charity
udemy 16172,Education
watch salli 39415,Shopping
22571 gym,Personal Care
44217 shampoo,Shopping
home rent salli 44562,Utilities
4755 trimming,Personal Care
විභාග ගාස්තු Rs.26822,Education
kottu 35545,Food
9497 තෑගි,Gifts & Charity
ආධාර Rs.44943,Gifts & Charity
general Rs.37823,Other
කොත්තු 16118,Food
6652 doctor,Health
38667 finance,Finance
කොණ්ඩය කැපුවා 7115,Personal Care
ආධාර Rs.44663,Gifts & Charity
21150 shaving,Personal Care
show 5546,Entertainment
23007 class fee,Education
beauty 2645,Personal Care
tax Rs.45715,Finance
finance salli 15675,Finance
කෝස් එකට salli 26153,Education
electricity 15664,Utilities
operation salli 39176,Health
pen and paper Rs.15890,Education
data salli 13579,Utilities
watch 12820,Shopping
14895 ලයිට් බිල,Utilities
මුදල් Rs.43248,Other
2655 අතමාරු ගත්තා,Finance
13515 ෆිල්ම්,Entertainment
කෝස් එකට Rs.21699,Education
චැනලින් salli 1561,Health
41835 general,Other
kitchen items salli 4126,Shopping
supermarket salli 32715,Shopping
unknown Rs.27820,Other
ඇඳුම් ගත්තා Rs.10968,Shopping
නයි පියවන්න Rs.12632,Finance
කොණ්ඩය කැපුවා 13159,Personal Care
garbage fee Rs.22259,Utilities
15550 credit card,Finance
pickme 1908,Transport
fiber salli 21135,Utilities
udemy 21763,Education
39706 alms,Gifts & Charity
postpaid Rs.1646,Utilities
pocket money salli 8589,Other
perfume Rs.42950,Personal Care
trimming salli 47686,Personal Care
චැනලින් 23622,Health
ට්‍රිප් salli 42390,Entertainment
කඩෙන් කෑවා salli 7813,Food
offer salli 41180,Gifts & Charity
threewheel Rs.43979,Transport
බර්ත්ඩේ salli 43953,Gifts & Charity
watch 47972,Shopping
ණය Rs.17518,Finance
wedding salli 15871,Gifts & Charity
stationary 14549,Education
ගෑස් 19554,Utilities
19762 interest,Finance
health insurance Rs.49053,Health
clinic 6109,Health
39601 match ticket,Entertainment
makeup 39154,Personal Care
cargills 10331,Shopping
beheth Rs.22649,Health
panadol salli 18919,Health
insurance Rs.14184,Finance
dhal 10635,Shopping
drink Rs.36668,Food
pin salli 28089,Gifts & Charity
8590 keells,Shopping
trimming 38464,Personal Care
බර්ත්ඩේ 8482,Gifts & Charity
අතමාරු ගත්තා 40107,Finance
diesel salli 30734,Transport
fiber salli 15576,Utilities
34266 shoppin,Shopping
26566 fiber,Utilities
ලෝන් එකට Rs.35848,Finance
show Rs.17289,Entertainment
32028 restaurant,Food
clothes 29416,Shopping
22475 bus,Transport
46928 ලෝන් එකට,Finance
tax salli 41542,Finance
46684 අතමාරු ගත්තා,Finance
සෙල්ලම් කරන්න 15309,Entertainment
26025 shampoo,Shopping
අතමාරු ගත්තා Rs.2726,Finance
lunch salli 13429,Food
කොත්තු salli 30201,Food
කොත්තු Rs.16411,Food
taxi Rs.21089,Transport
කෝස් එකට salli 32737,Education
match ticket 41639,Entertainment
43801 loan,Finance
degree Rs.20965,Education
3131 කෑම,Food
rice bag Rs.15025,Shopping
other Rs.19545,Other
49003 gift,Gifts & Charity
පින් වලට 16932,Gifts & Charity
beach 28136,Entertainment
දානය salli 42639,Gifts & Charity
perfume Rs.31908,Personal Care
eye check Rs.49778,Health
අතමාරු ගත්තා Rs.33404,Finance
අතින් ගියා 21798,Other
drink 7157,Food
10799 makeup,Personal Care
other Rs.8006,Other
ආධාර Rs.24049,Gifts & Charity
don't know salli 29718,Other
sugar Rs.37515,Shopping
40779 helping,Gifts & Charity
dhal Rs.5935,Shopping
eye check 23569,Health
hair color salli 23658,Personal Care
33949 furniture,Shopping
concert salli 35522,Entertainment
bus 13827,Transport
investment 44190,Finance
bank fee 31991,Finance
lost salli 16037,Other
lunch Rs.31248,Food
9481 ලෝන් එකට,Finance
makeup salli 47275,Personal Care
recharge 39023,Utilities
6960 shoes,Shopping
interest salli 8552,Finance
keells 33690,Shopping
4619 ෆාමසි,Health
medicine 1305,Health
ගෑස් salli 33310,Utilities
43253 විනෝදෙට,Entertainment
vegetables salli 22940,Shopping
facewash 15329,Personal Care
game salli 25990,Entertainment
other salli 40495,Other
28128 විනෝදෙට,Entertainment
shoes salli 1071,Shopping
ණය 24040,Finance
pizza 26824,Food
clinic Rs.19947,Health
26646 vacation,Entertainment
gym 7648,Personal Care
panadol 27067,Health
මේකප් salli 42888,Personal Care
snacks salli 5434,Food
810 tuition,Education
hair cut salli 518,Personal Care
සෙල්ලම් කරන්න Rs.48791,Entertainment
general 26575,Other
කොත්තු Rs.31774,Food
health insurance salli 15480,Health
dansal 49260,Gifts & Charity
present Rs.4547,Gifts & Charity
lost Rs.27112,Other
22830 drink,Food
restaurant Rs.15200,Food
short eats salli 40741,Food
5557 lunch,Food
reload salli 37369,Utilities
44987 චැනලින්,Health
19243 ත්‍රීවීල්,Transport
46280 watch,Shopping
bus salli 1906,Transport
misc Rs.14085,Other
1401 vehicle repair,Transport
train Rs.9233,Transport
facewash 18448,Personal Care
arpico salli 29461,Shopping
39112 මේකප්,Personal Care
44666 cargills,Shopping
කොණ්ඩය කැපුවා Rs.3094,Personal Care
දවල් කෑමට 43042,Food
bag 5616,Shopping
24730 present,Gifts & Charity
30982 religious,Gifts & Charity
ගෑස් salli 46335,Utilities
beheth salli 40200,Health
බඩු ගත්තා 33583,Shopping
medicine salli 43697,Health
helping 49768,Gifts & Charity
outing 18312,Entertainment
furniture Rs.12331,Shopping
lab salli 46870,Health
වෙනත් Rs.40809,Other
supermarket 15857,Shopping
dinner Rs.833,Food
youtube premium salli 38413,Entertainment
අතමාරු ගත්තා Rs.35525,Finance
කෝච්චියට Rs.26500,Transport
loan Rs.26000,Finance
fish salli 43665,Shopping
gift Rs.9853,Gifts & Charity
36975 charity,Gifts & Charity
සැලෝන් එකට salli 21175,Personal Care
helping 4996,Gifts & Charity
donation Rs.45737,Gifts & Charity
sugar Rs.24703,Shopping
poth salli 22920,Education
15897 loan,Finance
15331 donation,Gifts & Charity
ත්‍රීවීල් Rs.11810,Transport
uber Rs.3028,Transport
stock Rs.3758,Finance
charity salli 34112,Gifts & Charity
outing salli 46322,Entertainment
street food salli 15299,Food
liquor Rs.375,Entertainment
තෙල් salli 30881,Transport
45682 leasing,Finance
32086 spa,Personal Care
13659 general,Other
liquor 34673,Entertainment
concert salli 27606,Entertainment
online course Rs.26476,Education
මුදල් salli 22515,Other
unknown Rs.24642,Other
current bill 12175,Utilities
gas salli 18735,Utilities
lost salli 38911,Other
bike service Rs.3594,Transport
බඩු ගත්තා Rs.657,Shopping
15903 සපත්තු,Shopping
train Rs.5640,Transport
workshop salli 49595,Education
don't know Rs.29468,Other
payment 23095,Finance
වතුර බිල 10964,Utilities
pin 30176,Gifts & Charity
beauty 44002,Personal Care
wedding 23553,Gifts & Charity
eye check 14583,Health
35485 workshop,Education
38312 payment,Finance
present Rs.154,Gifts & Charity
33443 තෙල්,Transport
3266 soap,Shopping
18839 පින් වලට,Gifts & Charity
hair color Rs.34854,Personal Care
game Rs.5627,Entertainment
15676 concert,Entertainment
shoes salli 49538,Shopping
පන්ති ගාස්තු Rs.7305,Education
18104 udemy,Education
skincare salli 34987,Personal Care
24063 dinner,Food
bus salli 17584,Transport
තෑගි Rs.8553,Gifts & Charity
කෝස් එකට 10758,Education
makeup Rs.17444,Personal Care
නිකම්ම 24730,Other
threewheel salli 21291,Transport
dentist salli 31904,Health
workshop salli 17959,Education
rice 34367,Food
47607 library,Education
clothes 23434,Shopping
vegetables Rs.27767,Shopping
cargills salli 9133,Shopping
1554 udemy,Education
street food Rs.92,Food
short eats 40546,Food
doctor 35273,Health
16002 restaurant,Food
misc 14478,Other
43425 බර්ත්ඩේ,Gifts & Charity
shoes salli 34626,Shopping
25587 subway,Food
11412 grocery,Shopping
supermarket 18795,Shopping
gaming Rs.36758,Entertainment
අතමාරු ගත්තා Rs.31124,Finance
ඇඳුම් ගත්තා 43768,Shopping
water bill salli 20843,Utilities
46313 ණය,Finance
shoppin salli 7165,Shopping
පින් වලට Rs.41463,Gifts & Charity
7952 වතුර බිල,Utilities
රීලෝඩ් salli 39205,Utilities
ඩිසල් 30740,Transport
furniture Rs.18137,Shopping
ubereats 39871,Food
uber Rs.30343,Transport
tax 49493,Finance
electricity salli 37391,Utilities
tax Rs.30688,Finance
ඉන්ෂුවරන්ස් 28665,Finance
1301 තෙල්,Transport
operation salli 26798,Health
42041 කෝස් එකට,Education
2919 ඇඳුම් ගත්තා,Shopping
insurance Rs.40208,Finance
hair color Rs.9970,Personal Care
15933 offer,Gifts & Charity
bill salli 17623,Utilities
42360 poth,Education
internet Rs.19207,Utilities
prepaid 18361,Utilities
38073 බඩු ගත්තා,Shopping
meat 34854,Shopping
13521 vehicle repair,Transport
facewash salli 46945,Personal Care
2284 tuk,Transport
rice bag Rs.39296,Shopping
26055 hutch,Utilities
interest 30158,Finance
snacks salli 35260,Food
11800 spa,Personal Care
bike service 16721,Transport
bill 39264,Utilities
38251 බත්,Food
home rent Rs.12177,Utilities
tax Rs.37989,Finance
general salli 33327,Other
6416 අතමාරුව,Finance
41345 පොත් වලට,Education
11416 crypto,Finance
pharmacy 5832,Health
43907 data,Utilities
health insurance Rs.24071,Health
23346 vitamin,Health
prepaid Rs.13270,Utilities
milk powder salli 34876,Shopping
gym 11204,Personal Care
movie Rs.19789,Entertainment
බර්ත්ඩේ Rs.7475,Gifts & Charity
12231 අතමාරු ගත්තා,Finance
slt bill Rs.25671,Utilities
පෙට්‍රල් 46618,Transport
health insurance salli 25674,Health
rice and curry salli 37671,Food
milk powder 27027,Shopping
ලයිට් බිල Rs.14314,Utilities
dinner Rs.29464,Food
don't know Rs.21675,Other
adventure salli 36277,Entertainment
කෝච්චියට 44429,Transport
body lotion 28256,Personal Care
සෙල්ලම් කරන්න Rs.14691,Entertainment
49576 ayurvedic,Health
16242 pharmacy,Health
mobitel 36090,Utilities
outing 15749,Entertainment
loan 11450,Finance
33537 alms,Gifts & Charity
1341 match ticket,Entertainment
hospital 3714,Health
panadol salli 7949,Health
vehicle repair 23515,Transport
12059 fare,Transport
match ticket salli 46676,Entertainment
milk powder 40804,Shopping
doctor salli 43092,Health
water bill salli 39787,Utilities
internet Rs.9753,Utilities
broadband Rs.46990,Utilities
postpaid Rs.42567,Utilities
leasing salli 23918,Finance
31107 pin,Gifts & Charity
shampoo salli 7070,Shopping
beauty 535,Personal Care
operation 22235,Health
helping salli 23659,Gifts & Charity
taxi 709,Transport
library salli 513,Education
fiber Rs.28190,Utilities
ubereats Rs.15307,Food
eye check salli 44459,Health
21830 water bill,Utilities
stock Rs.32796,Finance
bus Rs.31128,Transport
බනිස් Rs.27271,Food
dental 14938,Health
panthi 34891,Education
poth salli 2768,Education
cinema Rs.26749,Entertainment
credit card Rs.22705,Finance
2715 ticket,Transport
1465 නිකම්ම,Other
තෑගි 32243,Gifts & Charity
7582 ත්‍රීවීල්,Transport
online course salli 5175,Education
diesel 32057,Transport
22021 බස් එකට,Transport
21989 water bill,Utilities
facewash salli 14158,Personal Care
43840 tuition,Education
lost Rs.22638,Other
pocket money 16681,Other
සපත්තු salli 24497,Shopping
broadband salli 20314,Utilities
ඩිසල් salli 15616,Transport
4068 diesel,Transport
16737 payment,Finance
kema Rs.8948,Food
breakfast salli 21144,Food
29205 birthday,Gifts & Charity
body lotion salli 3000,Personal Care
threewheel salli 15378,Transport
crypto salli 15467,Finance
cool drink salli 29518,Food
recharge Rs.33623,Utilities
gym salli 2202,Personal Care
tax Rs.48685,Finance
garbage fee salli 10051,Utilities
watch salli 11436,Shopping
hutch 8682,Utilities
leasing salli 8160,Finance
beach 28788,Entertainment
අතමාරු ගත්තා salli 9565,Finance
misc Rs.14172,Other
other salli 31674,Other
workshop Rs.17037,Education
furniture salli 42140,Shopping
36849 credit card,Finance
ලයිට් බිල salli 8824,Utilities
39999 දානය,Gifts & Charity
leasing 4046,Finance
30976 show,Entertainment
දානය salli 35139,Gifts & Charity
general Rs.17095,Other
38783 beer,Entertainment
rice and curry 15605,Food
26612 misc,Other
40984 අතමාරු ගත්තා,Finance
22873 බත්,Food
නයි පියවන්න salli 3098,Finance
40539 බත්,Food
ඇඳුම් ගත්තා 31897,Shopping
beauty 18277,Personal Care
34188 degree,Education
කඩෙන් කෑවා Rs.38731,Food
22585 wifi,Utilities
23556 salon,Personal Care
ticket 30055,Transport
cinema Rs.18476,Entertainment
general 27052,Other
panadol Rs.12714,Health
pocket money salli 39437,Other
show 28053,Entertainment
soap salli 989,Personal Care
diesel Rs.29056,Transport
game 8360,Entertainment
other Rs.14561,Other
cargills Rs.25674,Shopping
බඩු ගත්තා salli 43355,Shopping
short eats Rs.20006,Food
12908 salon,Personal Care
operation salli 24938,Health
doctor Rs.8979,Health
operation salli 44210,Health
මුදල් Rs.31918,Other
kema Rs.43936,Food
17489 සපත්තු,Shopping
uber Rs.734,Transport
වෙනත් 10553,Other
42717 පොත් වලට,Education
home rent salli 48329,Utilities
insurance 26640,Finance
47357 බර්ත්ඩේ,Gifts & Charity
street food Rs.12294,Food
broadband Rs.35511,Utilities
10756 online course,Education
car wash Rs.33586,Transport
outing salli 34961,Entertainment
trip Rs.31730,Entertainment
watch 1839,Shopping
බෙහෙත් වලට Rs.15176,Health
panadol 10283,Health
workshop Rs.4531,Education
24387 dinner,Food
පින් වලට salli 40198,Gifts & Charity
other salli 48353,Other
misc 1812,Other
කෝච්චියට salli 25694,Transport
රීලෝඩ් 12937,Utilities
39308 කෑම,Food
shaving Rs.13311,Personal Care
online course 48563,Education
stationary Rs.24286,Education
45306 kitchen items,Shopping
වෙනත් salli 15638,Other
19133 dinner,Food
11925 udemy,Education
charity salli 15695,Gifts & Charity
24119 barber,Personal Care
wifi 1945,Utilities
spa Rs.17306,Personal Care
udemy salli 5634,Education
40342 medical test,Health
47400 general,Other
pocket money Rs.28738,Other
26064 club,Entertainment
panadol 34550,Health
30325 පෙට්‍රල්,Transport
ගෑස් salli 18967,Utilities
hotel bill salli 39461,Food
loan 38398,Finance
46444 coffee,Food
15827 gift,Gifts & Charity
pickme salli 44561,Transport
19419 credit card,Finance
adventure salli 20926,Entertainment
adventure Rs.46720,Entertainment
slt bill salli 30317,Utilities
බඩු ගත්තා Rs.7343,Shopping
28406 අතින් ගියා,Other
hair color salli 6395,Personal Care
exam fee salli 49363,Education
other 25043,Other
pickme food Rs.16898,Food
ලෝන් එකට Rs.47023,Finance
hospital 43092,Health
2596 ත්‍රීවීල්,Transport
17610 රෑ කෑම,Food
finance salli 24238,Finance
27357 ත්‍රීවීල්,Transport
බස් එකට salli 36467,Transport
44000 pants,Shopping
1270 grocery,Shopping
watch salli 27070,Shopping
නයි පියවන්න 21283,Finance
alms Rs.24730,Gifts & Charity
present Rs.40879,Gifts & Charity
bank fee salli 31388,Finance
tax 41055,Finance
slt bill 30,Utilities
43370 internet,Utilities
clinic salli 3450,Health
පින් වලට salli 8057,Gifts & Charity
pickme 9028,Transport
28379 නිකම්ම,Other
3678 loan,Finance
gift Rs.32773,Gifts & Charity
hair cut salli 14671,Personal Care
322 spent,Other
13595 dentist,Health
spent salli 23201,Other
බඩු ගත්තා 4262,Shopping
adventure 36619,Entertainment
medical test salli 228,Health
31589 cash,Other
ලයිට් බිල Rs.25404,Utilities
eye check Rs.6221,Health
46667 ayurvedic,Health
leasing 40095,Finance
35324 course,Education
offer salli 34765,Gifts & Charity
අතමාරු ගත්තා 15516,Finance
සපත්තු Rs.43717,Shopping
degree 21711,Education
finance Rs.14303,Finance
ticket Rs.28796,Transport
beach salli 22878,Entertainment
16648 charity,Gifts & Charity
phone bill Rs.45993,Utilities
wifi Rs.4928,Utilities
16052 concert,Entertainment
lab salli 17757,Health
lost salli 42353,Other
35725 කඩෙන් කෑවා,Food
workshop 27625,Education
8439 සෙල්ලම් කරන්න,Entertainment
tax salli 13851,Finance
47279 taxi,Transport
vacation Rs.38175,Entertainment
bank fee 39805,Finance
9498 present,Gifts & Charity
shoes salli 19036,Shopping
දවල් කෑමට Rs.45417,Food
present Rs.2941,Gifts & Charity
dialog Rs.24570,Utilities
spotify salli 27325,Entertainment
36718 සෙල්ලම් කරන්න,Entertainment
48578 kottu,Food
party salli 42927,Entertainment
beauty Rs.14996,Personal Care
fitness salli 3190,Health
pharmacy Rs.12537,Health
39048 අතින් ගියා,Other
පින් වලට 718,Gifts & Charity
32795 panthi,Education
12688 doctor,Health
45041 skincare,Personal Care
48188 street food,Food
වතුර බිල salli 2371,Utilities
spa Rs.41059,Personal Care
dansal salli 27955,Gifts & Charity
sugar salli 18541,Shopping
gift 16963,Gifts & Charity
37378 dhal,Shopping
3217 unknown,Other
taxi 19092,Transport
ට්‍රිප් Rs.39074,Entertainment
home rent salli 43982,Utilities
pants salli 19256,Shopping
stationary Rs.31977,Education
1356 beer,Entertainment
වෙනත් Rs.20836,Other
47784 unknown,Other
rice 6103,Food
wedding 38620,Gifts & Charity
other salli 1318,Other
44986 donation,Gifts & Charity
සපත්තු salli 2136,Shopping
කොණ්ඩය කැපුවා Rs.44245,Personal Care
12949 fiber,Utilities
library Rs.19000,Education
හොස්පිට්ල් Rs.42958,Health
car wash 654,Transport
library Rs.13126,Education
uber Rs.26718,Transport
gaming Rs.44226,Entertainment
dentist 12576,Health
home rent 33954,Utilities
physio salli 27696,Health
alms salli 22644,Gifts & Charity
රෑ කෑම salli 46036,Food
14492 unknown,Other
46950 ඇඳුම් ගත්තා,Shopping
clothes 6033,Shopping
4876 pizza,Food
makeup salli 25144,Personal Care
පෙට්‍රල් 27855,Transport
tshirt salli 5686,Shopping
match ticket 46634,Entertainment
hospital Rs.4564,Health
finance salli 9733,Finance
facewash salli 37800,Personal Care
beach Rs.8124,Entertainment
home rent Rs.29855,Utilities
14517 rice and curry,Food
body lotion salli 27781,Personal Care
sugar salli 46132,Shopping
degree salli 27991,Education
hospital 19606,Health
පෙට්‍රල් Rs.5553,Transport
537 car wash,Transport
prepaid Rs.44912,Utilities
phone bill salli 40296,Utilities
38453 ලයිට් බිල,Utilities
arpico Rs.18716,Shopping
birthday salli 23248,Gifts & Charity
lost 25940,Other
21255 cinema,Entertainment
21054 class fee,Education
other salli 3145,Other
gaming salli 4407,Entertainment
degree salli 26429,Education
36955 library,Education
library Rs.40794,Education
46636 skincare,Personal Care
තෑගි Rs.25690,Gifts & Charity
vitamin 7014,Health
hair cut 23139,Personal Care
8863 ආධාර,Gifts & Charity
religious 21122,Gifts & Charity
offer 14906,Gifts & Charity
ලයිට් බිල salli 45858,Utilities
ආධාර salli 36251,Gifts & Charity
26885 subway,Food
show salli 39586,Entertainment
46631 hotel bill,Food
internet salli 35446,Utilities
28721 other,Other
සැලෝන් එකට salli 7903,Personal Care
beauty Rs.5098,Personal Care
vitamin Rs.21830,Health
gaming Rs.37916,Entertainment
සපත්තු Rs.45398,Shopping
clinic Rs.24010,Health
tax Rs.38405,Finance
6796 pocket money,Other
ලයිට් බිල 11352,Utilities
insurance 29697,Finance
අතමාරුව 34501,Finance
phone bill salli 26102,Utilities
7229 beer,Entertainment
arpico Rs.29098,Shopping
lab salli 40632,Health
crypto 5190,Finance
cash Rs.45672,Other
7289 අතමාරු ගත්තා,Finance
cargills salli 5309,Shopping
perfume 34362,Personal Care
watch 5859,Shopping
present 21066,Gifts & Charity
gym Rs.23138,Personal Care
coursera 24065,Education
kema Rs.44946,Food
liquor 22072,Entertainment
game Rs.25992,Entertainment
1392 trip,Entertainment
concert Rs.40855,Entertainment
makeup Rs.31132,Personal Care
makeup 8394,Personal Care
don't know 7324,Other
lab salli 4342,Health
streaming Rs.4349,Entertainment
exam fee salli 40260,Education
46901 cash,Other
home rent salli 45571,Utilities
helping salli 1848,Gifts & Charity
13880 hospital,Health
ubereats salli 21740,Food
skincare salli 13220,Personal Care
beheth 14112,Health
bike service Rs.20073,Transport
donation Rs.42052,Gifts & Charity
investment salli 27874,Finance
378 charity,Gifts & Charity
pen and paper 27678,Education
shaving 42132,Personal Care
pickme food 25054,Food
other salli 33283,Other
trimming 41578,Personal Care
1238 other,Other
home rent salli 24290,Utilities
office go 1109,Transport
liquor 11689,Entertainment
36770 present,Gifts & Charity
rice 10141,Food
49929 ඩොක්ටර්ට,Health
gym salli 1620,Personal Care
21974 කඩෙන් කෑවා,Food
ඇඳුම් ගත්තා 18344,Shopping
කෑම Rs.34316,Food
vegetables 22058,Shopping
1765 ජිම් එකට,Personal Care
2251 fiber,Utilities
car wash 43215,Transport
birthday 5250,Gifts & Charity
44604 hutch,Utilities
කොණ්ඩය කැපුවා Rs.11760,Personal Care
drink 16625,Food
parking Rs.3390,Transport
wedding 14283,Gifts & Charity
hospital Rs.21292,Health
4042 donation,Gifts & Charity
home rent 12951,Utilities
other 36227,Other
milk powder 751,Shopping
investment salli 15472,Finance
charity salli 45602,Gifts & Charity
keells salli 1445,Shopping
30091 concert,Entertainment
32538 නිකම්ම,Other
33139 dialog,Utilities
23806 දවල් කෑමට,Food
8653 home rent,Utilities
gas salli 19852,Utilities
credit card 7409,Finance
pocket money salli 36773,Other
ඉන්ෂුවරන්ස් 48201,Finance
coffee Rs.28841,Food
25466 bank fee,Finance
තෙල් Rs.22882,Transport
11568 tshirt,Shopping
dinner Rs.18189,Food
unknown Rs.31962,Other
pants 2282,Shopping
කොණ්ඩය කැපුවා Rs.1432,Personal Care
stock 4778,Finance
charity salli 605,Gifts & Charity
tuition salli 17460,Education
මේකප් 1302,Personal Care
30625 fuel,Transport
19245 wade,Food
other 16311,Other
charity salli 6628,Gifts & Charity
udemy Rs.30549,Education
spent 4276,Other
dialog 20268,Utilities
වතුර බිල Rs.39829,Utilities
shaving 11461,Personal Care
මුදල් Rs.33609,Other
unknown 25328,Other
ayurvedic Rs.5933,Health
daraz 39789,Shopping
ඉන්ෂුවරන්ස් salli 27522,Finance
41888 stock,Finance
තේ බොන්න salli 33963,Food
24182 කොත්තු,Food
6213 rice bag,Shopping
beach Rs.37826,Entertainment
gift Rs.1683,Gifts & Charity
donation Rs.32605,Gifts & Charity
44628 credit card,Finance
bus 32996,Transport
dentist salli 16147,Health
broadband salli 2395,Utilities
alms Rs.11433,Gifts & Charity
12004 internet,Utilities
wifi Rs.15489,Utilities
pharmacy Rs.6496,Health
bank fee salli 21397,Finance
dental Rs.18297,Health
leasing Rs.48540,Finance
online course salli 44971,Education
16581 barber,Personal Care
petrol salli 33753,Transport
streaming Rs.44418,Entertainment
phone bill Rs.47350,Utilities
12387 degree,Education
බත් Rs.42734,Food
pickme 19464,Transport
6595 current bill,Utilities
street food Rs.3574,Food
lab salli 9971,Health
rice and curry salli 33599,Food
240 tshirt,Shopping
12524 crypto,Finance
lab 18025,Health
36519 ඩොක්ටර්ට,Health
pin Rs.8302,Gifts & Charity
fitness Rs.5814,Health
ලයිට් බිල Rs.45492,Utilities
rice 23633,Food
daraz salli 10919,Shopping
5850 poth,Education
37809 stock,Finance
ආධාර Rs.17742,Gifts & Charity
game 18171,Entertainment
outing Rs.18194,Entertainment
3150 beauty,Personal Care
eye check salli 1131,Health
gift Rs.22919,Gifts & Charity
dialog salli 23660,Utilities
42880 youtube premium,Entertainment
ගෑස් 22444,Utilities
hoppers Rs.42944,Food
48580 ticket,Transport
පොත් වලට Rs.44052,Education
pen and paper Rs.8099,Education
physio 27040,Health
47220 don't know,Other
barber 23139,Personal Care
සැලෝන් එකට 39396,Personal Care
train 45219,Transport
19903 ගෑස්,Utilities
47107 cash,Other
2453 වෙනත්,Other
අතමාරුව salli 1004,Finance
11451 channeling,Health
makeup 48315,Personal Care
diesel Rs.21160,Transport
train 41176,Transport
birthday salli 28926,Gifts & Charity
43947 lunch,Food
watch salli 21170,Shopping
parking salli 8097,Transport
alms salli 45071,Gifts & Charity
fiber salli 13664,Utilities
fitness salli 16259,Health
tax Rs.40805,Finance
26458 concert,Entertainment
arpico salli 10728,Shopping
12843 ගෑස්,Utilities
ආධාර salli 19384,Gifts & Charity
netflix 12909,Entertainment
facewash 23413,Personal Care
spotify Rs.17187,Entertainment
32365 සෙල්ලම් කරන්න,Entertainment
අතින් ගියා salli 27097,Other
පොත් වලට salli 11974,Education
ආධාර 48285,Gifts & Charity
dentist salli 21481,Health
සැලෝන් එකට salli 39675,Personal Care
bag Rs.41151,Shopping
gas salli 22893,Utilities
book Rs.27099,Education
beauty Rs.43729,Personal Care
watch 2532,Shopping
තෑගි Rs.15701,Gifts & Charity
ට්‍රිප් Rs.8822,Entertainment
physio Rs.41892,Health
15595 panadol,Health
11063 slt bill,Utilities
mobitel salli 21846,Utilities
offer Rs.14211,Gifts & Charity
hotel bill salli 21281,Food
34709 investment,Finance
current bill Rs.30606,Utilities
daraz salli 39392,Shopping
bill salli 23218,Utilities
ට්‍රිප් 47341,Entertainment
hoppers 43962,Food
34943 charity,Gifts & Charity
කොණ්ඩය කැපුවා Rs.9237,Personal Care
lunch Rs.943,Food
watch 40053,Shopping
class fee Rs.23919,Education
operation Rs.15712,Health
පොත් වලට salli 42785,Education
barber 49088,Personal Care
21603 rice and curry,Food
ෆාමසි 21474,Health
33862 exam fee,Education
tax 28494,Finance
helping Rs.8579,Gifts & Charity
36356 finance,Finance
3563 ආධාර,Gifts & Charity
බස් එකට Rs.24728,Transport
37480 udemy,Education
17959 shampoo,Shopping
pocket money salli 44073,Other
loan 21998,Finance
8124 other,Other
vehicle repair salli 6757,Transport
34354 ෆාමසි,Health
recharge 12541,Utilities
hair color 49636,Personal Care
44976 daraz,Shopping
beheth salli 42987,Health
ට්‍රිප් 13637,Entertainment
dhal 29276,Shopping
vacation 2925,Entertainment
vitamin 46884,Health
trimming Rs.47138,Personal Care
kema 19193,Food
workshop salli 21156,Education
vegetables salli 34687,Shopping
bus salli 41668,Transport
කෝස් එකට 18629,Education
tire change Rs.4580,Transport
show Rs.27039,Entertainment
6091 auto,Transport
dhal Rs.36827,Shopping
16232 general,Other
18750 show,Entertainment
doctor salli 39268,Health
268 barber,Personal Care
hair cut salli 37354,Personal Care
leasing 1173,Finance
තේ බොන්න Rs.46398,Food
course Rs.41474,Education
rice bag Rs.36014,Shopping
කොණ්ඩය කැපුවා Rs.49288,Personal Care
41893 skincare,Personal Care
කොණ්ඩය කැපුවා 35668,Personal Care
threewheel Rs.29263,Transport
lost salli 20371,Other
කොණ්ඩය කැපුවා Rs.2422,Personal Care
phone bill salli 13941,Utilities
20581 hospital,Health
supermarket salli 39827,Shopping
6106 තේ බොන්න,Food
dentist 6690,Health
crypto salli 4007,Finance
3498 makeup,Personal Care
office go Rs.3846,Transport
gift Rs.4042,Gifts & Charity
39846 wedding,Gifts & Charity
චැනලින් 7895,Health
stationary 13554,Education
දවල් කෑමට salli 23667,Food
21680 donation,Gifts & Charity
offer Rs.19342,Gifts & Charity
barber 29939,Personal Care
36900 fare,Transport
beer Rs.19199,Entertainment
class fee salli 10134,Education
soap Rs.40789,Shopping
leasing Rs.978,Finance
12941 hair color,Personal Care
fitness salli 1321,Health
hoppers salli 18454,Food
loan salli 8264,Finance
rice bag 38571,Shopping
dansal Rs.33924,Gifts & Charity
dental 31199,Health
gift 4506,Gifts & Charity
general 8932,Other
33032 දානය,Gifts & Charity
නිකම්ම Rs.27815,Other
parking 25487,Transport
other Rs.33548,Other
37139 ණය,Finance
lost Rs.36161,Other
pocket money salli 36407,Other
prepaid Rs.3870,Utilities
religious 11577,Gifts & Charity
hair cut salli 44795,Personal Care
චැනලින් Rs.35121,Health
beheth 38693,Health
lost 31422,Other
hair color salli 8992,Personal Care
19829 vegetables,Shopping
මුදල් Rs.5155,Other
11844 don't know,Other
බත් salli 4110,Food
pen and paper Rs.22278,Education
39612 bag,Shopping
trip salli 7369,Entertainment
14016 alms,Gifts & Charity
course salli 19795,Education
wedding 14794,Gifts & Charity
32124 pen and paper,Education
cash 10659,Other
credit card salli 2236,Finance
ඩිසල් 41992,Transport
23673 tuk,Transport
34721 අතමාරු ගත්තා,Finance
විනෝදෙට Rs.33249,Entertainment
course 5202,Education
12755 dialog,Utilities
reload 3863,Utilities
facewash 5016,Personal Care
3026 kewa,Food
biscuit salli 11416,Food
dansal 39863,Gifts & Charity
25046 වෙනත්,Other
pocket money 41630,Other
pocket money 21653,Other
don't know salli 38745,Other
shampoo 31462,Shopping
1629 පෑන් පැන්සල්,Education
tuition 47821,Education
බිල් එකට Rs.16030,Utilities
gift Rs.20221,Gifts & Charity
show 3095,Entertainment
garbage fee Rs.8816,Utilities
fiber 23254,Utilities
office go 37804,Transport
credit card Rs.42214,Finance
ඇඳුම් ගත්තා 27940,Shopping
හොස්පිට්ල් Rs.37435,Health
donation salli 15153,Gifts & Charity
street food 30734,Food
book 23244,Education
recharge 16866,Utilities
12293 නිකම්ම,Other
barber 4325,Personal Care
3963 spa,Personal Care
19284 body lotion,Personal Care
rice and curry Rs.30902,Food
පෑන් පැන්සල් 25619,Education
4050 train,Transport
ticket Rs.16987,Transport
skincare Rs.24572,Personal Care
34669 wedding,Gifts & Charity
පොත් වලට Rs.10826,Education
concert salli 34740,Entertainment
interest 9521,Finance
38529 leasing,Finance
3915 postpaid,Utilities
dansal salli 47807,Gifts & Charity
1514 දානය,Gifts & Charity
බෙහෙත් වලට 12947,Health
petrol 33952,Transport
34365 hair color,Personal Care
spent salli 8530,Other
uber 16666,Transport
28246 මේකප්,Personal Care
leasing 15999,Finance
youtube premium 39577,Entertainment
alms Rs.47249,Gifts & Charity
මුදල් 22209,Other
ubereats Rs.40390,Food
1014 pickme food,Food
outing salli 10160,Entertainment
pocket money salli 28219,Other
restaurant Rs.898,Food
bag salli 4864,Shopping
shoppin Rs.23644,Shopping
44240 auto,Transport
medical test salli 13031,Health
pocket money salli 18643,Other
තෙල් salli 15646,Transport
නිකම්ම 46230,Other
fuel salli 26669,Transport
5933 විනෝදෙට,Entertainment
kottu Rs.11555,Food
2253 adventure,Entertainment
17480 liquor,Entertainment
6240 පොත් වලට,Education
fuel salli 30922,Transport
29548 present,Gifts & Charity
24105 match ticket,Entertainment
ලයිට් බිල salli 45105,Utilities
pickme food salli 11128,Food
pocket money Rs.4461,Other
32174 fuel,Transport
තෙල් salli 35166,Transport
දානය 11928,Gifts & Charity
11848 poth,Education
gaming salli 21683,Entertainment
panthi 17454,Education
17349 donation,Gifts & Charity
pizza salli 17034,Food
pocket money Rs.18467,Other
meat salli 11057,Shopping
vacation 39051,Entertainment
cash salli 38685,Other
17504 ආධාර,Gifts & Charity
beer salli 14383,Entertainment
බර්ත්ඩේ salli 28825,Gifts & Charity
rice Rs.49590,Food
spotify Rs.24898,Entertainment
9266 finance,Finance
udemy Rs.42291,Education
daraz Rs.5891,Shopping
10260 operation,Health
සෙල්ලම් කරන්න salli 20746,Entertainment
present Rs.20113,Gifts & Charity
46923 leasing,Finance
49008 දානය,Gifts & Charity
water bill salli 14245,Utilities
18152 offer,Gifts & Charity
shaving salli 45643,Personal Care
club salli 31758,Entertainment
31947 threewheel,Transport
match ticket 40496,Entertainment
hoppers Rs.23738,Food
mobitel salli 7269,Utilities
24019 broadband,Utilities
hutch salli 21938,Utilities
skincare 44113,Personal Care
1065 interest,Finance
කඩෙන් කෑවා Rs.28766,Food
කඩෙන් කෑවා 666,Food
water bill salli 18746,Utilities
beer Rs.41256,Entertainment
47713 shaving,Personal Care
dentist salli 26938,Health
vitamin 12220,Health
ලයිට් බිල 45273,Utilities
shoes 40235,Shopping
26518 perfume,Personal Care
streaming salli 23794,Entertainment
48606 salon,Personal Care
මුදල් salli 1270,Other
කොණ්ඩය කැපුවා 8455,Personal Care
lab 27186,Health
unknown 45711,Other
beheth 39750,Health
චැනලින් salli 30700,Health
35209 birthday,Gifts & Charity
10200 don't know,Other
fare 12046,Transport
30904 gift,Gifts & Charity
wifi salli 31380,Utilities
religious salli 25177,Gifts & Charity
helping 31539,Gifts & Charity
40282 degree,Education
fiber 29676,Utilities
highway toll 37818,Transport
taxi 47333,Transport
ජිම් එකට 40313,Personal Care
spa 25787,Personal Care
fare 16633,Transport
35270 කෝච්චියට,Transport
සපත්තු salli 44077,Shopping
වතුර බිල 17711,Utilities
19109 tshirt,Shopping
43935 auto,Transport
game 15502,Entertainment
tuition Rs.22994,Education
31823 season,Transport
shoes 12851,Shopping
47089 insurance,Finance
data 48248,Utilities
සැලෝන් එකට Rs.16304,Personal Care
26741 bakery,Food
uber Rs.36888,Transport
11851 hair color,Personal Care
පින් වලට salli 6123,Gifts & Charity
train 45970,Transport
water bill Rs.21452,Utilities
hospital salli 32836,Health
dialog salli 42483,Utilities
28080 adventure,Entertainment
religious salli 38459,Gifts & Charity
stationary Rs.22426,Education
skincare Rs.14636,Personal Care
මුදල් Rs.32208,Other
18007 book,Education
35697 club,Entertainment
24976 hair color,Personal Care
18835 phone bill,Utilities
49282 charity,Gifts & Charity
24441 keells,Shopping
unknown salli 38050,Other
leasing Rs.34651,Finance
salon salli 8926,Personal Care
පෑන් පැන්සල් 3591,Education
general salli 41443,Other
gym 36170,Personal Care
15202 misc,Other
facewash 22442,Personal Care
trimming 12927,Personal Care
parking salli 31495,Transport
medical test Rs.34224,Health
බඩු ගත්තා 41368,Shopping
salon salli 27556,Personal Care
හොස්පිට්ල් salli 42799,Health
අතින් ගියා Rs.23004,Other
recharge 6334,Utilities
පෙට්‍රල් 41798,Transport
channeling Rs.49861,Health
44852 other,Other
මුදල් salli 40196,Other
තේ බොන්න salli 44061,Food
streaming Rs.28948,Entertainment
තෙල් salli 26553,Transport
taxi 357,Transport
reload 35553,Utilities
pants salli 4019,Shopping
office go Rs.31202,Transport
35697 gym,Personal Care
42352 donation,Gifts & Charity
2651 සැලෝන් එකට,Personal Care
රීලෝඩ් Rs.24798,Utilities
short eats 24055,Food
movie 43869,Entertainment
46552 alms,Gifts & Charity
කෝස් එකට 4767,Education
36832 body lotion,Personal Care
නිකම්ම Rs.24454,Other
සැලෝන් එකට Rs.4490,Personal Care
fare 46528,Transport
exam fee salli 48428,Education
නයි පියවන්න salli 2916,Finance
clothes 38160,Shopping
interest salli 36675,Finance
44345 වෙනත්,Other
32428 කොණ්ඩය කැපුවා,Personal Care
32711 beach,Entertainment
ණය salli 46496,Finance
11054 highway toll,Transport
poth salli 12672,Education
medical test 26405,Health
31093 අතමාරුව,Finance
49123 cargills,Shopping
beheth 35304,Health
6732 spent,Other
47612 petrol,Transport
විනෝදෙට 18667,Entertainment
highway toll 26060,Transport
mobitel 6684,Utilities
සැලෝන් එකට 43811,Personal Care
3934 cinema,Entertainment
data Rs.30811,Utilities
රෑ කෑම 18121,Food
34361 club,Entertainment
මේකප් salli 14405,Personal Care
28013 other,Other
බෙහෙත් වලට Rs.40750,Health
lab salli 16341,Health
shoppin 42403,Shopping
41105 auto,Transport
match ticket salli 30421,Entertainment
religious 34791,Gifts & Charity
youtube premium salli 37478,Entertainment
lost 33085,Other
vegetables Rs.830,Shopping
pickme salli 651,Transport
විනෝදෙට 24876,Entertainment
17854 workshop,Education
cool drink Rs.38225,Food
streaming 48100,Entertainment
keells 47230,Shopping
spa Rs.13039,Personal Care
28490 beheth,Health
නිකම්ම salli 24195,Other
spotify Rs.3943,Entertainment
13167 ayurvedic,Health
tire change salli 1628,Transport
tax 15005,Finance
tax 32566,Finance
20716 data,Utilities
pharmacy Rs.20990,Health
poth Rs.39179,Education
37051 මේකප්,Personal Care
donation 24546,Gifts & Charity
විභාග ගාස්තු 25476,Education
පොත් වලට 14739,Education
book 24261,Education
dentist Rs.9682,Health
barber 11619,Personal Care
prepaid salli 1609,Utilities
tshirt Rs.9521,Shopping
channeling salli 22385,Health
season salli 21022,Transport
investment 17026,Finance
streaming salli 33934,Entertainment
religious 46113,Gifts & Charity
11324 අතමාරුව,Finance
35917 reload,Utilities
investment salli 36611,Finance
pocket money salli 48396,Other
970 ෆිල්ම්,Entertainment
vitamin 21390,Health
investment salli 14906,Finance
22634 internet,Utilities
payment salli 48091,Finance
18487 dental,Health
සැලෝන් එකට 4627,Personal Care
වෙනත් salli 764,Other
gift salli 12180,Gifts & Charity
lab 8673,Health
daraz Rs.6017,Shopping
shampoo salli 38164,Shopping
පන්ති ගාස්තු salli 39026,Education
43387 current bill,Utilities
බිල් එකට 44459,Utilities
17222 ඉන්ෂුවරන්ස්,Finance
28062 pocket money,Other
payment 9157,Finance
22566 credit card,Finance
තෑගි 44211,Gifts & Charity
පන්ති ගාස්තු salli 3506,Education
beauty Rs.8760,Personal Care
grocery salli 20942,Shopping
පින් වලට salli 37887,Gifts & Charity
loan salli 17753,Finance
vegetables Rs.45472,Shopping
movie Rs.27056,Entertainment
අතමාරු ගත්තා salli 18051,Finance
ticket salli 19048,Transport
party Rs.11208,Entertainment
stock 14461,Finance
hutch Rs.13313,Utilities
liquor 24000,Entertainment
බත් Rs.18612,Food
wedding salli 26082,Gifts & Charity
health insurance 29959,Health
wade 7079,Food
soap 18865,Personal Care
49435 ආධාර,Gifts & Charity
අතමාරු ගත්තා Rs.13661,Finance
8552 car wash,Transport
12925 රීලෝඩ්,Utilities
බනිස් Rs.25624,Food
internet 39223,Utilities
hospital Rs.40129,Health
beer Rs.34097,Entertainment
කෝච්චියට 26608,Transport
lost Rs.20955,Other
kitchen items salli 19355,Shopping
38546 cash,Other
48217 club,Entertainment
21966 bank fee,Finance
coffee salli 19317,Food
hair cut Rs.20811,Personal Care
3263 credit card,Finance
10391 සපත්තු,Shopping
ticket Rs.17290,Transport
පින් වලට 41510,Gifts & Charity
shaving Rs.36904,Personal Care
4013 බස් එකට,Transport
cargills Rs.26116,Shopping
netflix Rs.38603,Entertainment
snacks salli 28704,Food
15938 data,Utilities
rice bag salli 20837,Shopping
watch Rs.36997,Shopping
wade 25724,Food
30866 නිකම්ම,Other
current bill Rs.18479,Utilities
10157 skincare,Personal Care
alms Rs.18938,Gifts & Charity
trimming salli 20293,Personal Care
religious salli 38135,Gifts & Charity
lost 2915,Other
ට්‍රිප් Rs.43429,Entertainment
mobitel salli 6643,Utilities
17817 perfume,Personal Care
30713 skincare,Personal Care
4153 spa,Personal Care
dhal salli 7626,Shopping
data 33474,Utilities
27662 breakfast,Food
33910 ලෝන් එකට,Finance
bakery Rs.15222,Food
ආධාර salli 24719,Gifts & Charity
kewa Rs.29885,Food
4860 degree,Education
ඩිසල් Rs.10634,Transport
gift Rs.29466,Gifts & Charity
soap Rs.31648,Shopping
shoppin 43208,Shopping
mobitel Rs.1016,Utilities
9385 restaurant,Food
දවල් කෑමට salli 29735,Food
facewash Rs.22942,Personal Care
cool drink salli 14267,Food
පොත් වලට Rs.21441,Education
26583 religious,Gifts & Charity
28937 lost,Other
liquor Rs.4117,Entertainment
සෙල්ලම් කරන්න 1027,Entertainment
uber salli 25979,Transport
dialog Rs.6220,Utilities
18494 වෙනත්,Other
medicine Rs.12177,Health
wade salli 39436,Food
taxi 7851,Transport
transport cost salli 37301,Transport
ticket 32448,Transport
unknown 39582,Other
කොණ්ඩය කැපුවා Rs.37074,Personal Care
shampoo salli 9774,Shopping
data Rs.31505,Utilities
spa 11301,Personal Care
ජිම් එකට Rs.8825,Personal Care
religious 36206,Gifts & Charity
ෆාමසි Rs.15125,Health
watch 30904,Shopping
18924 office go,Transport
bakery salli 37578,Food
payment salli 926,Finance
තෙල් Rs.40456,Transport
diesel 18064,Transport
41120 hair color,Personal Care
insurance salli 39157,Finance
කොණ්ඩය කැපුවා Rs.42558,Personal Care
hoppers 17528,Food
49182 degree,Education
spotify 45986,Entertainment
birthday salli 29701,Gifts & Charity
6303 body lotion,Personal Care
adventure 16773,Entertainment
ට්‍රිප් Rs.46732,Entertainment
pin salli 28867,Gifts & Charity
soap 38399,Shopping
club Rs.40875,Entertainment
degree Rs.36169,Education
makeup salli 8351,Personal Care
trimming salli 664,Personal Care
misc 22425,Other
phone bill salli 231,Utilities
11572 dinner,Food
alms 24358,Gifts & Charity
course 6833,Education
තේ බොන්න 21535,Food
නයි පියවන්න Rs.8917,Finance
බර්ත්ඩේ Rs.46149,Gifts & Charity
17443 show,Entertainment
crypto Rs.21989,Finance
spent salli 30322,Other
19313 රෑ කෑම,Food
pen and paper Rs.21635,Education
41512 wifi,Utilities
ෆාමසි 39178,Health
data 2884,Utilities
සෙල්ලම් කරන්න salli 49278,Entertainment
26611 uber,Transport
පින් වලට salli 26001,Gifts & Charity
තෙල් salli 44366,Transport
දානය salli 45189,Gifts & Charity
22586 soap,Personal Care
gym salli 43582,Personal Care
pin Rs.12793,Gifts & Charity
28818 spotify,Entertainment
2052 pickme food,Food
43731 vitamin,Health
14872 pin,Gifts & Charity
exam fee 48180,Education
වතුර බිල salli 588,Utilities
13108 ticket,Transport
hair cut 13913,Personal Care
21904 match ticket,Entertainment
6345 interest,Finance
slt bill Rs.25127,Utilities
eye check salli 14873,Health
physio Rs.35107,Health
17877 මේකප්,Personal Care
makeup salli 14689,Personal Care
bike service salli 32337,Transport
බඩු ගත්තා salli 16264,Shopping
other salli 4087,Other
party Rs.34582,Entertainment
tuition salli 10132,Education
30134 ඩොක්ටර්ට,Health
taxi salli 46068,Transport
38760 tax,Finance
liquor Rs.11348,Entertainment
insurance salli 26976,Finance
panthi salli 14132,Education
9927 අතමාරුව,Finance
pen and paper Rs.40921,Education
48448 රීලෝඩ්,Utilities
breakfast Rs.1950,Food
petrol 328,Transport
37735 gym,Personal Care
කොණ්ඩය කැපුවා 37090,Personal Care
29 payment,Finance
bag 25693,Shopping
class fee 23117,Education
20476 liquor,Entertainment
youtube premium 39311,Entertainment
37565 bank fee,Finance
operation Rs.48218,Health
ට්‍රිප් salli 23638,Entertainment
විභාග ගාස්තු salli 23798,Education
9981 wifi,Utilities
streaming salli 38171,Entertainment
කෝච්චියට salli 23780,Transport
cargills Rs.49618,Shopping
අතින් ගියා salli 34699,Other
club Rs.36249,Entertainment
sugar Rs.6203,Shopping
interest 40308,Finance
fare salli 24233,Transport
lost salli 6505,Other
20772 pen and paper,Education
show salli 23906,Entertainment
3640 කොත්තු,Food
26623 vitamin,Health
beach salli 29028,Entertainment
don't know 30542,Other
shampoo Rs.19524,Shopping
barber Rs.41423,Personal Care
misc 33130,Other
49970 shaving,Personal Care
concert 39271,Entertainment
finance Rs.42381,Finance
34285 netflix,Entertainment
බඩු ගත්තා Rs.8643,Shopping
channeling salli 9815,Health
32964 coffee,Food
dinner 9355,Food
reload salli 28932,Utilities
dental salli 47171,Health
14981 විනෝදෙට,Entertainment
snacks salli 14260,Food
හොස්පිට්ල් salli 8076,Health
credit card 18658,Finance
49958 insurance,Finance
udemy Rs.16223,Education
wifi salli 49933,Utilities
trip salli 18651,Entertainment
degree salli 44188,Education
pizza 24656,Food
drink Rs.10415,Food
vehicle repair 7459,Transport
loan Rs.46006,Finance
investment salli 42347,Finance
මේකප් salli 8850,Personal Care
1081 concert,Entertainment
32988 soap,Personal Care
9140 health insurance,Health
දානය Rs.22042,Gifts & Charity
25769 spotify,Entertainment
38572 සැලෝන් එකට,Personal Care
salon 25294,Personal Care
wedding Rs.32938,Gifts & Charity
ජිම් එකට salli 10342,Personal Care
37216 recharge,Utilities
5508 fare,Transport
bank fee 7693,Finance
fuel Rs.20952,Transport
36114 tuition,Education
tax 10120,Finance
match ticket salli 41434,Entertainment
meat salli 20787,Shopping
petrol Rs.13560,Transport
stationary Rs.17052,Education
පෙට්‍රල් 3234,Transport
alms 46728,Gifts & Charity
biscuit 31873,Food
20897 payment,Finance
general 28953,Other
38207 wifi,Utilities
ෆිල්ම් Rs.42764,Entertainment
36184 සෙල්ලම් කරන්න,Entertainment
payment 48531,Finance
tuition salli 25487,Education
rice 11798,Food
20921 kottu,Food
broadband 41373,Utilities
44019 ticket,Transport
cargills Rs.29097,Shopping
class fee 33414,Education
charity salli 27911,Gifts & Charity
arpico salli 39404,Shopping
watch 35010,Shopping
dinner salli 27065,Food
outing Rs.45244,Entertainment
finance Rs.17102,Finance
බෙහෙත් වලට salli 23535,Health
cargills 10546,Shopping
25216 රීලෝඩ්,Utilities
43217 udemy,Education
39264 keells,Shopping
office go salli 49080,Transport
45854 කොණ්ඩය කැපුවා,Personal Care
tuition salli 47365,Education
hotel bill 29580,Food
loan salli 38872,Finance
alms 20370,Gifts & Charity
donation 35665,Gifts & Charity
garbage fee Rs.10100,Utilities
41455 highway toll,Transport
clinic 11466,Health
diesel Rs.28018,Transport
electricity salli 5459,Utilities
physio Rs.9335,Health
29892 bus,Transport
cool drink 13757,Food
misc Rs.17012,Other
panthi salli 5492,Education
23909 විභාග ගාස්තු,Education
poth 39751,Education
arpico 14838,Shopping
28482 restaurant,Food
supermarket 47426,Shopping
29569 lost,Other
spent 43387,Other
3597 current bill,Utilities
hoppers salli 40056,Food
gift 6755,Gifts & Charity
23042 vehicle repair,Transport
panadol Rs.29544,Health
trip 33827,Entertainment
38207 bank fee,Finance
lab Rs.28990,Health
credit card Rs.27424,Finance
wade 24445,Food
gym Rs.36916,Personal Care
stock Rs.44390,Finance
නයි පියවන්න 29203,Finance
stationary salli 38299,Education
match ticket Rs.29667,Entertainment
dansal 32354,Gifts & Charity
uber Rs.46930,Transport
බනිස් Rs.7879,Food
නයි පියවන්න salli 11282,Finance
28494 don't know,Other
36512 vacation,Entertainment
alms 15226,Gifts & Charity
34806 reload,Utilities
workshop 37831,Education
840 beer,Entertainment
11033 dental,Health
බඩු ගත්තා 29626,Shopping
ෆිල්ම් Rs.9106,Entertainment
stock 22927,Finance
perfume Rs.19193,Personal Care
19623 මුදල්,Other
donation salli 29068,Gifts & Charity
33865 vegetables,Shopping
supermarket Rs.42797,Shopping
garbage fee 9411,Utilities
unknown 27930,Other
don't know 22891,Other
loan 6691,Finance
shampoo Rs.4796,Shopping
hair cut salli 17400,Personal Care
40882 beheth,Health
show Rs.10942,Entertainment
49404 library,Education
fuel Rs.5727,Transport
47561 restaurant,Food
concert Rs.11051,Entertainment
8014 leasing,Finance
hair color Rs.18671,Personal Care
eye check Rs.10423,Health
37744 pickme,Transport
පින් වලට 8491,Gifts & Charity
car wash salli 32018,Transport
22972 taxi,Transport
43288 spent,Other
outing salli 17621,Entertainment
37456 university,Education
ගෑස් Rs.42415,Utilities
shampoo salli 46033,Shopping
beach Rs.17600,Entertainment
payment Rs.49744,Finance
cool drink salli 17927,Food
දවල් කෑමට Rs.6102,Food
spa 42941,Personal Care
class fee 17627,Education
42956 finance,Finance
burger 33028,Food
15125 water bill,Utilities
6558 loan,Finance
udemy 12975,Education
38926 doctor,Health
body lotion salli 400,Personal Care
44221 clinic,Health
don't know 30318,Other
trimming Rs.35777,Personal Care
hoppers Rs.43351,Food
panthi salli 1362,Education
soap Rs.1261,Personal Care
දානය salli 38759,Gifts & Charity
present salli 40097,Gifts & Charity
ubereats salli 36272,Food
vehicle repair Rs.3007,Transport
තෙල් Rs.43496,Transport
7136 fare,Transport
ඩිසල් Rs.15483,Transport
gift salli 10568,Gifts & Charity
poth Rs.41598,Education
general salli 18077,Other
facewash salli 46784,Personal Care
vitamin 20507,Health
කෝච්චියට Rs.16327,Transport
dinner salli 19351,Food
ඉන්ෂුවරන්ස් Rs.18781,Finance
tuition 26390,Education
22430 coursera,Education
46282 workshop,Education
wade salli 14090,Food
salon 42340,Personal Care
සෙල්ලම් කරන්න 37464,Entertainment
ජිම් එකට Rs.19362,Personal Care
dentist salli 37564,Health
religious salli 18593,Gifts & Charity
බිල් එකට 47803,Utilities
පන්ති ගාස්තු 29176,Education
ලයිට් බිල 43603,Utilities
34082 course,Education
25891 investment,Finance
10985 insurance,Finance
10711 library,Education
poth Rs.11749,Education
rice Rs.5933,Food
4543 cash,Other
don't know salli 27808,Other
stationary Rs.22371,Education
keells 36827,Shopping
club Rs.47024,Entertainment
pickme Rs.27421,Transport
විභාග ගාස්තු salli 19661,Education
match ticket Rs.13216,Entertainment
tire change Rs.37759,Transport
ට්‍රිප් Rs.26931,Entertainment
daraz 13416,Shopping
gaming salli 2019,Entertainment
library salli 30300,Education
පින් වලට Rs.364,Gifts & Charity
panthi salli 47465,Education
34175 pharmacy,Health
10944 train,Transport
විභාග ගාස්තු Rs.34855,Education
coursera 17976,Education
බිල් එකට Rs.23873,Utilities
spotify salli 46363,Entertainment
දවල් කෑමට salli 30016,Food
කොත්තු 43866,Food
tax 19225,Finance
garbage fee Rs.26416,Utilities
17073 stock,Finance
leasing Rs.45605,Finance
course Rs.12272,Education
24550 ticket,Transport
lab 49309,Health
බිල් එකට salli 18591,Utilities
salon 24279,Personal Care
tea Rs.35126,Food
biscuit salli 42238,Food
shoppin salli 18933,Shopping
wedding 31481,Gifts & Charity
burger Rs.1571,Food
finance Rs.7308,Finance
kewa Rs.27200,Food
auto Rs.24278,Transport
bus 31308,Transport
23310 operation,Health
electricity 47557,Utilities
bag 29639,Shopping
21247 hutch,Utilities
subway salli 43313,Food
unknown salli 30386,Other
leasing salli 39439,Finance
cinema Rs.41084,Entertainment
vacation salli 171,Entertainment
rice and curry Rs.19283,Food
බත් salli 14056,Food
dialog salli 3360,Utilities
perfume Rs.1063,Personal Care
degree 6241,Education
5539 සෙල්ලම් කරන්න,Entertainment
36225 චැනලින්,Health
beer 20839,Entertainment
26631 religious,Gifts & Charity
sugar salli 47626,Shopping
7649 credit card,Finance
perfume Rs.31589,Personal Care
6193 game,Entertainment
interest Rs.40395,Finance
club 3315,Entertainment
loan Rs.7805,Finance
soap Rs.49915,Personal Care
බෙහෙත් වලට salli 47400,Health
cargills 6758,Shopping
31499 clinic,Health
37302 payment,Finance
30961 library,Education
නයි පියවන්න 49362,Finance
39663 beer,Entertainment
trimming Rs.562,Personal Care
මුදල් salli 42649,Other
ayurvedic Rs.42081,Health
physio salli 1544,Health
wifi 42400,Utilities
season Rs.5953,Transport
charity 44814,Gifts & Charity
fuel Rs.41373,Transport
41643 perfume,Personal Care
soap salli 17743,Personal Care
gym Rs.38857,Personal Care
42436 interest,Finance
tax 16569,Finance
6767 dansal,Gifts & Charity
pocket money salli 41512,Other
ණය 14068,Finance
dialog Rs.39776,Utilities
37639 train,Transport
ඉන්ෂුවරන්ස් 23246,Finance
drink 45384,Food
mobitel 32102,Utilities
furniture salli 3133,Shopping
බඩු ගත්තා salli 13553,Shopping
පොත් වලට 39248,Education
auto salli 46464,Transport
36495 religious,Gifts & Charity
dansal salli 28748,Gifts & Charity
පොත් වලට salli 47487,Education
5174 restaurant,Food
21993 present,Gifts & Charity
bag 8597,Shopping
7165 salon,Personal Care
movie 21466,Entertainment
හොස්පිට්ල් Rs.34886,Health
36095 lab,Health
mobitel Rs.28385,Utilities
cash Rs.12699,Other
class fee 21290,Education
නිකම්ම salli 19460,Other
49304 පින් වලට,Gifts & Charity
hoppers 40003,Food
46199 channeling,Health
rice and curry salli 45702,Food
spent salli 25293,Other
finance Rs.15023,Finance
body lotion 49222,Personal Care
2412 රීලෝඩ්,Utilities
ආධාර salli 24231,Gifts & Charity
44628 unknown,Other
37517 payment,Finance
24123 rice and curry,Food
486 spotify,Entertainment
21695 broadband,Utilities
26087 charity,Gifts & Charity
43397 ඩිසල්,Transport
coffee salli 13105,Food
other salli 38389,Other
movie 47626,Entertainment
vacation 37539,Entertainment
6779 තෑගි,Gifts & Charity
crypto salli 38642,Finance
leasing salli 40737,Finance
24846 ලෝන් එකට,Finance
facewash 30262,Personal Care
35152 degree,Education
exam fee salli 29990,Education
fiber Rs.13566,Utilities
6367 body lotion,Personal Care
water bill Rs.24717,Utilities
gym Rs.24872,Personal Care
47847 book,Education
43444 gaming,Entertainment
ලෝන් එකට salli 47647,Finance
10746 පොත් වලට,Education
වතුර බිල Rs.37586,Utilities
නිකම්ම Rs.13250,Other
19504 ලයිට් බිල,Utilities
34113 kema,Food
කෝස් එකට 8049,Education
48800 dinner,Food
perfume 35254,Personal Care
21681 tea,Food
rice Rs.48029,Food
gift salli 29814,Gifts & Charity
කොත්තු salli 41431,Food
bank fee Rs.4784,Finance
ලෝන් එකට 36885,Finance
gift 9125,Gifts & Charity
payment salli 48784,Finance
3836 misc,Other
shoes Rs.37862,Shopping
පින් වලට Rs.15173,Gifts & Charity
නයි පියවන්න Rs.47012,Finance
exam fee 19231,Education
body lotion salli 42135,Personal Care
26022 health insurance,Health
28631 skincare,Personal Care
soap 18833,Personal Care
doctor Rs.42115,Health
misc 33181,Other
dansal Rs.18268,Gifts & Charity
furniture salli 7695,Shopping
8042 soap,Shopping
current bill 39095,Utilities
watch salli 19251,Shopping
39975 වතුර බිල,Utilities
highway toll 33524,Transport
ayurvedic 17170,Health
ඇඳුම් ගත්තා Rs.10580,Shopping
17019 pants,Shopping
coffee salli 36653,Food
අතමාරුව Rs.29479,Finance
මුදල් Rs.24055,Other
channeling salli 14767,Health
tax salli 39546,Finance
vehicle repair Rs.48753,Transport
fare 17115,Transport
payment Rs.6106,Finance
ත්‍රීවීල් 33432,Transport
8122 bakery,Food
shaving 47478,Personal Care
නයි පියවන්න salli 11298,Finance
party salli 11317,Entertainment
46983 exam fee,Education
වතුර බිල salli 48315,Utilities
28254 beer,Entertainment
26340 match ticket,Entertainment
transport cost Rs.21209,Transport
shampoo 14702,Shopping
breakfast 39519,Food
fish salli 41155,Shopping
15101 parking,Transport
rice bag salli 21118,Shopping
arpico 22107,Shopping
ත්‍රීවීල් Rs.27312,Transport
misc Rs.12291,Other
cash Rs.46388,Other
pin Rs.14761,Gifts & Charity
library salli 49850,Education
24724 පෑන් පැන්සල්,Education
23095 show,Entertainment
29049 hair cut,Personal Care
shoppin 40328,Shopping
47158 salon,Personal Care
29800 ලෝන් එකට,Finance
perfume 39597,Personal Care
pocket money salli 16230,Other
bus Rs.31307,Transport
concert Rs.24355,Entertainment
pharmacy 28097,Health
33738 තෑගි,Gifts & Charity
21868 class fee,Education
hair color salli 40053,Personal Care
transport cost Rs.2948,Transport
ආධාර Rs.15387,Gifts & Charity
body lotion Rs.16269,Personal Care
helping 16727,Gifts & Charity
daraz 38785,Shopping
16701 game,Entertainment
parking salli 37957,Transport
investment salli 33184,Finance
lab Rs.29621,Health
11008 ජිම් එකට,Personal Care
1730 doctor,Health
35470 cash,Other
43385 නයි පියවන්න,Finance
අතින් ගියා 29207,Other
40534 body lotion,Personal Care
game 11201,Entertainment
other Rs.31529,Other
3296 bus,Transport
present salli 41437,Gifts & Charity
helping 16379,Gifts & Charity
grocery 9946,Shopping
18366 taxi,Transport
kitchen items 48890,Shopping
pants Rs.1903,Shopping
cinema Rs.19142,Entertainment
broadband 23111,Utilities
recharge Rs.49761,Utilities
මේකප් Rs.21280,Personal Care
16999 fish,Shopping
14032 trip,Entertainment
බිල් එකට Rs.8962,Utilities
2307 hospital,Health
other Rs.43303,Other
skincare salli 19723,Personal Care
පන්ති ගාස්තු salli 28633,Education
කෝච්චියට 44739,Transport
present 26869,Gifts & Charity
donation salli 29000,Gifts & Charity
බඩු ගත්තා Rs.18085,Shopping
විනෝදෙට Rs.49328,Entertainment
spent Rs.258,Other
course 48761,Education
loan 4605,Finance
helping Rs.31465,Gifts & Charity
vegetables Rs.21954,Shopping
workshop Rs.16606,Education
28846 spotify,Entertainment
අතමාරු ගත්තා salli 232,Finance
38410 සැලෝන් එකට,Personal Care
විභාග ගාස්තු salli 47297,Education
17607 match ticket,Entertainment
ත්‍රීවීල් salli 18200,Transport
1607 degree,Education
38662 water bill,Utilities
ත්‍රීවීල් 37879,Transport
offer salli 6980,Gifts & Charity
match ticket salli 9092,Entertainment
වෙනත් salli 34569,Other
බිල් එකට 31242,Utilities
helping 48179,Gifts & Charity
fitness salli 16934,Health
train Rs.24643,Transport
කෝච්චියට salli 47452,Transport
39392 cargills,Shopping
snacks 13345,Food
show Rs.36588,Entertainment
ඩිසල් Rs.15801,Transport
39379 current bill,Utilities
uber salli 38386,Transport
16662 leasing,Finance
interest salli 29993,Finance
dental 38068,Health
spotify salli 23526,Entertainment
soap salli 32792,Personal Care
rice and curry salli 34123,Food
dhal Rs.38855,Shopping
watch 24521,Shopping
short eats salli 5236,Food
workshop Rs.4244,Education
donation 47163,Gifts & Charity
16743 postpaid,Utilities
exam fee Rs.5535,Education
ලෝන් එකට Rs.44178,Finance
අතමාරුව salli 39495,Finance
doctor Rs.17958,Health
cargills Rs.38453,Shopping
ayurvedic 26897,Health
37505 doctor,Health
birthday salli 24169,Gifts & Charity
මුදල් salli 11324,Other
වතුර බිල salli 44866,Utilities
tire change salli 36662,Transport
unknown Rs.33499,Other
39493 makeup,Personal Care
helping 47286,Gifts & Charity
water bill salli 24970,Utilities
dental 25123,Health
අතමාරු ගත්තා Rs.14796,Finance
අතමාරු ගත්තා Rs.7047,Finance
13620 beauty,Personal Care
channeling Rs.43466,Health
47427 චැනලින්,Health
විභාග ගාස්තු salli 24371,Education
pharmacy Rs.2742,Health
vehicle repair Rs.30077,Transport
7964 ජිම් එකට,Personal Care
body lotion 4131,Personal Care
මේකප් salli 34588,Personal Care
කෝච්චියට salli 48236,Transport
shoes salli 7729,Shopping
finance salli 5004,Finance
ජිම් එකට salli 42616,Personal Care
ජිම් එකට 46114,Personal Care
game 34640,Entertainment
library Rs.2526,Education
watch 49311,Shopping
ලෝන් එකට Rs.3281,Finance
dialog salli 27646,Utilities
නිකම්ම 1335,Other
විභාග ගාස්තු Rs.37783,Education
misc Rs.2021,Other
university 651,Education
28206 workshop,Education
hair cut salli 37012,Personal Care
කෝස් එකට 38013,Education
පන්ති ගාස්තු Rs.24629,Education
බනිස් salli 23854,Food
දවල් කෑමට salli 45557,Food
fare Rs.24177,Transport
liquor salli 773,Entertainment
39163 බෙහෙත් වලට,Health
1588 වතුර බිල,Utilities
barber 22096,Personal Care
payment salli 48503,Finance
credit card 49090,Finance
investment salli 2659,Finance
loan salli 36144,Finance
youtube premium salli 42987,Entertainment
grocery 29617,Shopping
watch Rs.37811,Shopping
misc 5510,Other
තෑගි Rs.1368,Gifts & Charity
26722 doctor,Health
38082 වතුර බිල,Utilities
44064 rice,Food
phone bill Rs.30517,Utilities
කොණ්ඩය කැපුවා salli 27527,Personal Care
trip salli 25705,Entertainment
clothes 3993,Shopping
facewash salli 14181,Personal Care
හොස්පිට්ල් Rs.48955,Health
bakery salli 13112,Food
ආධාර 28682,Gifts & Charity
kottu Rs.42091,Food
pickme Rs.9604,Transport
general 17163,Other
තේ බොන්න Rs.39834,Food
34452 spa,Personal Care
game salli 20547,Entertainment
48413 tuk,Transport
alms Rs.45331,Gifts & Charity
club Rs.2368,Entertainment
payment salli 36289,Finance
වෙනත් salli 16866,Other
37167 restaurant,Food
stock Rs.42606,Finance
beauty Rs.41586,Personal Care
රීලෝඩ් Rs.44386,Utilities
other salli 36758,Other
streaming Rs.47210,Entertainment
29752 prepaid,Utilities
ayurvedic salli 17995,Health
අතමාරු ගත්තා Rs.18013,Finance
8301 ආධාර,Gifts & Charity
කෝස් එකට salli 3157,Education
other 37028,Other
bus 25918,Transport
32809 grocery,Shopping
charity Rs.9227,Gifts & Charity
exam fee salli 24304,Education
නයි පියවන්න 6010,Finance
පින් වලට salli 32151,Gifts & Charity
gas Rs.38469,Utilities
spent Rs.48352,Other
shaving salli 45066,Personal Care
18850 poth,Education
42846 electricity,Utilities
spent salli 24887,Other
3069 fitness,Health
3115 physio,Health
fitness 44668,Health
pickme salli 39908,Transport
soap 44649,Personal Care
මුදල් Rs.33951,Other
මුදල් 17572,Other
නයි පියවන්න 33076,Finance
beheth Rs.3286,Health
11777 postpaid,Utilities
බස් එකට salli 5428,Transport
තේ බොන්න Rs.38606,Food
prepaid 28728,Utilities
17665 බඩු ගත්තා,Shopping
කොණ්ඩය කැපුවා salli 24602,Personal Care
bus Rs.9882,Transport
17338 beheth,Health
අතින් ගියා salli 8266,Other
36149 exam fee,Education
misc Rs.42491,Other
15435 beheth,Health
සෙල්ලම් කරන්න 17100,Entertainment
adventure Rs.14015,Entertainment
slt bill salli 41928,Utilities
investment Rs.5346,Finance
pickme food salli 25179,Food
liquor Rs.30056,Entertainment
coffee salli 21782,Food
salon Rs.47027,Personal Care
2806 don't know,Other
taxi Rs.14032,Transport
wedding salli 5914,Gifts & Charity
pocket money Rs.35534,Other
6415 trip,Entertainment
beer salli 37368,Entertainment
offer 30412,Gifts & Charity
gift Rs.14479,Gifts & Charity
මුදල් salli 49934,Other
uber 49820,Transport
spent salli 9254,Other
40920 water bill,Utilities
insurance 11553,Finance
soap salli 41301,Shopping
බඩු ගත්තා 32803,Shopping
mobitel Rs.10425,Utilities
41127 පින් වලට,Gifts & Charity
37459 workshop,Education
fiber salli 26166,Utilities
milk powder Rs.10398,Shopping
trimming 8105,Personal Care
31916 birthday,Gifts & Charity
විභාග ගාස්තු Rs.41912,Education
rice Rs.34835,Food
වතුර බිල Rs.9166,Utilities
අතමාරුව Rs.34887,Finance
course Rs.35234,Education
අතින් ගියා Rs.36497,Other
pen and paper Rs.1661,Education
hair cut salli 8485,Personal Care
perfume salli 36038,Personal Care
bill salli 4447,Utilities
movie salli 36246,Entertainment
don't know 37763,Other
20498 beer,Entertainment
offer salli 12449,Gifts & Charity
49546 taxi,Transport
ෆිල්ම් 36975,Entertainment
tax Rs.18302,Finance
current bill salli 42862,Utilities
29488 tax,Finance
21010 garbage fee,Utilities
facewash Rs.11087,Personal Care
විනෝදෙට salli 48282,Entertainment
6794 hair cut,Personal Care
drink Rs.9275,Food
47517 recharge,Utilities
spent 9224,Other
trip 18320,Entertainment
430 වෙනත්,Other
842 offer,Gifts & Charity
don't know 20577,Other
32574 beauty,Personal Care
home rent 43097,Utilities
dialog Rs.5589,Utilities
25536 threewheel,Transport
කෝස් එකට 45444,Education
පෑන් පැන්සල් Rs.2140,Education
20630 kottu,Food
udemy 3186,Education
13507 facewash,Personal Care
bag salli 34885,Shopping
doctor Rs.42057,Health
21503 fiber,Utilities
දානය Rs.39562,Gifts & Charity
don't know 35662,Other
threewheel salli 6695,Transport
shampoo Rs.21091,Shopping
අතමාරු ගත්තා Rs.24848,Finance
medical test Rs.34788,Health
lost salli 7459,Other
නයි පියවන්න salli 8859,Finance
ජිම් එකට salli 9181,Personal Care
20477 breakfast,Food
වෙනත් salli 27439,Other
23130 book,Education
පෙට්‍රල් 34230,Transport
අතමාරු ගත්තා Rs.48076,Finance
loan Rs.43616,Finance
18376 මුදල්,Other
පොත් වලට Rs.16050,Education
threewheel Rs.30766,Transport
22556 kewa,Food
adventure Rs.4827,Entertainment
සපත්තු Rs.35190,Shopping
tea 4319,Food
gas salli 1959,Utilities
hair cut 29860,Personal Care
16839 poth,Education
hospital 39525,Health
fish Rs.19396,Shopping
cinema 31582,Entertainment
highway toll salli 37304,Transport
uber salli 27208,Transport
43101 body lotion,Personal Care
outing 49174,Entertainment
auto salli 25223,Transport
rice and curry Rs.22624,Food
health insurance 12523,Health
general 47763,Other
spa salli 40136,Personal Care
4228 sugar,Shopping
28845 loan,Finance
11528 credit card,Finance
perfume salli 20524,Personal Care
pen and paper salli 26575,Education
beauty salli 15174,Personal Care
wedding salli 33411,Gifts & Charity
club Rs.26403,Entertainment
1443 කෝච්චියට,Transport
ගෑස් Rs.43547,Utilities
කෝස් එකට 29900,Education
misc Rs.9962,Other
soap Rs.36327,Personal Care
electricity Rs.23021,Utilities
diesel salli 24925,Transport
coursera 27989,Education
birthday Rs.27153,Gifts & Charity
class fee salli 21140,Education
40818 චැනලින්,Health
31754 ubereats,Food
tshirt Rs.45743,Shopping
බනිස් salli 39307,Food
sugar 46896,Shopping
match ticket salli 7172,Entertainment
donation 4476,Gifts & Charity
14287 library,Education
gift Rs.31030,Gifts & Charity
අතමාරු ගත්තා salli 7423,Finance
don't know 32689,Other
pharmacy Rs.6884,Health
bus salli 13642,Transport
pocket money salli 46175,Other
45140 body lotion,Personal Care
tuition salli 47499,Education
exam fee 43204,Education
concert salli 22989,Entertainment
27480 club,Entertainment
බර්ත්ඩේ 21719,Gifts & Charity
birthday Rs.19083,Gifts & Charity
tea 11310,Food
lost salli 47530,Other
birthday 35053,Gifts & Charity
dentist Rs.40924,Health
4245 show,Entertainment
16033 vehicle repair,Transport
bill Rs.1799,Utilities
beheth Rs.143,Health
44385 ෆිල්ම්,Entertainment
ඉන්ෂුවරන්ස් 45001,Finance
38698 tax,Finance
bill 17469,Utilities
stationary salli 35176,Education
insurance 35064,Finance
පෑන් පැන්සල් salli 47211,Education
match ticket Rs.7797,Entertainment
ෆාමසි Rs.41984,Health
birthday 31859,Gifts & Charity
අතින් ගියා 16212,Other
33406 investment,Finance
බඩු ගත්තා 48666,Shopping
මුදල් 19047,Other
30407 ආධාර,Gifts & Charity
ආධාර 15664,Gifts & Charity
charity 40462,Gifts & Charity
match ticket Rs.18342,Entertainment
23204 spent,Other
train salli 39577,Transport
unknown salli 11514,Other
6802 bus,Transport
lost Rs.2468,Other
trip Rs.44387,Entertainment
ගෑස් 3670,Utilities
රෑ කෑම Rs.40289,Food
donation 4511,Gifts & Charity
spa 10132,Personal Care
pocket money Rs.49367,Other
auto Rs.30591,Transport
39972 tshirt,Shopping
poth Rs.26712,Education
stationary 10181,Education
kottu salli 35310,Food
නිකම්ම Rs.18195,Other
current bill salli 6815,Utilities
taxi Rs.38636,Transport
7819 hair color,Personal Care
ජිම් එකට Rs.18253,Personal Care
highway toll salli 38965,Transport
workshop 2126,Education
ලෝන් එකට 13842,Finance
dialog salli 33705,Utilities
tea Rs.1625,Food
30428 salon,Personal Care
pocket money salli 4125,Other
ජිම් එකට 46047,Personal Care
බඩු ගත්තා Rs.3244,Shopping
stationary Rs.26359,Education
9000 ubereats,Food
22343 විභාග ගාස්තු,Education
20244 hair cut,Personal Care
22562 ගෑස්,Utilities
චැනලින් 24942,Health
broadband 27755,Utilities
2676 grocery,Shopping
panadol Rs.10672,Health
බස් එකට salli 6737,Transport
33264 concert,Entertainment
hair color 17034,Personal Care
kema salli 8301,Food
liquor salli 33994,Entertainment
skincare salli 45527,Personal Care
37260 tuk,Transport
stationary 15274,Education
මුදල් Rs.14580,Other
rice bag salli 8842,Shopping
45874 medical test,Health
party Rs.8814,Entertainment
club Rs.35920,Entertainment
vitamin 28475,Health
misc Rs.7059,Other
alms salli 36680,Gifts & Charity
48799 tax,Finance
pin Rs.7512,Gifts & Charity
හොස්පිට්ල් salli 8809,Health
movie salli 6588,Entertainment
movie salli 44202,Entertainment
online course Rs.47093,Education
31758 salon,Personal Care
43583 වෙනත්,Other
24689 bus,Transport
5208 petrol,Transport
තෑගි 37935,Gifts & Charity
panthi Rs.23750,Education
biscuit salli 40700,Food
47026 wifi,Utilities
රීලෝඩ් 47659,Utilities
party salli 7459,Entertainment
university 42525,Education
health insurance salli 1786,Health
11786 facewash,Personal Care
shoes Rs.41437,Shopping
pin 14656,Gifts & Charity
loan Rs.28445,Finance
birthday 14205,Gifts & Charity
lab Rs.32923,Health
hair cut salli 24622,Personal Care
shoes Rs.44638,Shopping
snacks Rs.29462,Food
transport cost 22006,Transport
2330 party,Entertainment
perfume salli 20019,Personal Care
investment salli 30934,Finance
beer salli 24748,Entertainment
stationary salli 3204,Education
diesel Rs.23466,Transport
32123 show,Entertainment
අතින් ගියා salli 48231,Other
ඉන්ෂුවරන්ස් Rs.35435,Finance
ආධාර Rs.48290,Gifts & Charity
45617 unknown,Other
27592 panadol,Health
44417 insurance,Finance
අතමාරු ගත්තා Rs.48693,Finance
15335 නිකම්ම,Other
බිල් එකට 1065,Utilities
29498 ඉන්ෂුවරන්ස්,Finance
udemy Rs.1280,Education
water bill salli 20802,Utilities
kitchen items 720,Shopping
lost 30028,Other
finance Rs.48838,Finance
bag 47088,Shopping
28873 general,Other
17524 payment,Finance
40765 lost,Other
13376 perfume,Personal Care
49941 වතුර බිල,Utilities
2321 බනිස්,Food
2215 other,Other
පෑන් පැන්සල් 25878,Education
බිල් එකට salli 29796,Utilities
soap salli 41437,Shopping
show 7971,Entertainment
25022 clinic,Health
religious Rs.11157,Gifts & Charity
28104 transport cost,Transport
39626 beach,Entertainment
shoppin salli 37741,Shopping
වතුර බිල 45369,Utilities
tax salli 4741,Finance
30563 පින් වලට,Gifts & Charity
41582 lost,Other
14426 credit card,Finance
milk powder Rs.16480,Shopping
outing salli 2307,Entertainment
liquor 26061,Entertainment
40026 soap,Personal Care
birthday Rs.30562,Gifts & Charity
petrol salli 24243,Transport
9741 gaming,Entertainment
32965 slt bill,Utilities
dinner salli 40792,Food
youtube premium salli 6467,Entertainment
27914 investment,Finance
spa Rs.6928,Personal Care
38887 බත්,Food
clothes salli 15463,Shopping
බනිස් 25858,Food
youtube premium 43433,Entertainment
gym 34195,Personal Care
postpaid salli 12879,Utilities
exam fee 26119,Education
misc 16080,Other
dhal Rs.21819,Shopping
keells salli 42830,Shopping
burger Rs.20556,Food
තෑගි salli 33930,Gifts & Charity
ලෝන් එකට 5777,Finance
22721 kewa,Food
bakery Rs.11146,Food
18259 tax,Finance
බත් salli 33076,Food
පින් වලට 9007,Gifts & Charity
train Rs.36879,Transport
ජිම් එකට salli 42047,Personal Care
wade 17610,Food
electricity 38176,Utilities
soap Rs.24578,Personal Care
29458 ලෝන් එකට,Finance
breakfast 33491,Food
slt bill salli 44626,Utilities
library salli 519,Education
alms 43633,Gifts & Charity
37284 වෙනත්,Other
highway toll 48181,Transport
slt bill 17537,Utilities
alms 46772,Gifts & Charity
watch Rs.36019,Shopping
investment salli 5425,Finance
ට්‍රිප් salli 25931,Entertainment
game Rs.16898,Entertainment
exam fee Rs.31633,Education
49544 වතුර බිල,Utilities
trimming 19732,Personal Care
41003 birthday,Gifts & Charity
1435 ණය,Finance
street food salli 10143,Food
clinic salli 38652,Health
13031 club,Entertainment
clothes 25514,Shopping
lost salli 40927,Other
pants Rs.36950,Shopping
supermarket 48221,Shopping
වෙනත් 46180,Other
ayurvedic 45405,Health
alms Rs.10449,Gifts & Charity
mobitel 48432,Utilities
finance salli 17771,Finance
postpaid 41510,Utilities
32056 hair cut,Personal Care
කෝස් එකට salli 44356,Education
2984 නිකම්ම,Other
5946 internet,Utilities
interest salli 49630,Finance
නයි පියවන්න salli 31833,Finance
pickme 40133,Transport
28016 dental,Health
23956 helping,Gifts & Charity
dansal 48627,Gifts & Charity
gym salli 15046,Personal Care
bag 29750,Shopping
gift 24646,Gifts & Charity
trip Rs.13798,Entertainment
මුදල් salli 45898,Other
41330 කොණ්ඩය කැපුවා,Personal Care
office go Rs.47970,Transport
ලෝන් එකට 1842,Finance
hair color salli 763,Personal Care
broadband salli 21107,Utilities
hospital Rs.16476,Health
15116 ලෝන් එකට,Finance
short eats Rs.19190,Food
7527 tuition,Education
28722 milk powder,Shopping
cargills Rs.2279,Shopping
electricity 2891,Utilities
university salli 19937,Education
පින් වලට salli 15511,Gifts & Charity
kottu 19002,Food
42255 spotify,Entertainment
furniture Rs.35529,Shopping
drink Rs.27528,Food
ticket Rs.25164,Transport
wifi 10578,Utilities
20410 netflix,Entertainment
helping salli 27965,Gifts & Charity
44938 bike service,Transport
46657 youtube premium,Entertainment
45155 අතමාරුව,Finance
24529 lost,Other
water bill Rs.46019,Utilities
pin Rs.10903,Gifts & Charity
43099 restaurant,Food
highway toll 34570,Transport
slt bill salli 24020,Utilities
soap Rs.7565,Personal Care
transport cost 34355,Transport
internet salli 29347,Utilities
restaurant Rs.34530,Food
misc salli 39201,Other
medical test 36139,Health
5119 don't know,Other
birthday salli 32892,Gifts & Charity
salon 16462,Personal Care
gift salli 42799,Gifts & Charity
taxi 39685,Transport
lost 36647,Other
23573 facewash,Personal Care
salon 19235,Personal Care
streaming salli 36267,Entertainment
36274 interest,Finance
book Rs.36025,Education
tuition Rs.15260,Education
eye check 10530,Health
tax Rs.35976,Finance
panadol salli 11722,Health
ලයිට් බිල 21078,Utilities
hotel bill salli 3814,Food
birthday 35033,Gifts & Charity
doctor Rs.31184,Health
birthday salli 42752,Gifts & Charity
fitness Rs.2100,Health
unknown 46711,Other
26010 මුදල්,Other
43167 fitness,Health
26219 crypto,Finance
ජිම් එකට 20764,Personal Care
uber Rs.38950,Transport
විභාග ගාස්තු Rs.34739,Education
ට්‍රිප් 44940,Entertainment
reload salli 34507,Utilities
11116 spent,Other
fitness salli 10073,Health
පෑන් පැන්සල් salli 38797,Education
පන්ති ගාස්තු Rs.39073,Education
8225 trimming,Personal Care
ෆාමසි salli 26241,Health
14840 spent,Other
ආධාර 26363,Gifts & Charity
threewheel salli 37478,Transport
don't know 44805,Other
barber salli 41252,Personal Care
31348 credit card,Finance
soap salli 35216,Personal Care
street food salli 20195,Food
pin salli 24403,Gifts & Charity
birthday salli 36030,Gifts & Charity
43499 තේ බොන්න,Food
tax Rs.28655,Finance
gift Rs.42153,Gifts & Charity
rice bag 35445,Shopping
19362 watch,Shopping
adventure salli 1854,Entertainment
gaming salli 10660,Entertainment
birthday 22222,Gifts & Charity
45391 wifi,Utilities
39103 සපත්තු,Shopping
19409 bank fee,Finance
24901 cash,Other
2971 dhal,Shopping
කොත්තු 32680,Food
ලයිට් බිල salli 5910,Utilities
perfume salli 7383,Personal Care
33856 lost,Other
facewash salli 5311,Personal Care
සෙල්ලම් කරන්න salli 34173,Entertainment
25288 අතින් ගියා,Other
loan 7105,Finance
netflix Rs.4882,Entertainment
49952 pickme food,Food
කෝච්චියට Rs.19419,Transport
පෙට්‍රල් Rs.8743,Transport
medical test 36246,Health
highway toll 9439,Transport
12258 shoppin,Shopping
makeup 9671,Personal Care
payment salli 31072,Finance
ෆිල්ම් Rs.43413,Entertainment
donation 5129,Gifts & Charity
41113 shaving,Personal Care
පෑන් පැන්සල් salli 29381,Education
trip 22002,Entertainment
ඉන්ෂුවරන්ස් salli 5390,Finance
cash Rs.16795,Other
misc Rs.12080,Other
breakfast 313,Food
current bill 10839,Utilities
finance salli 2928,Finance
kema 34189,Food
පන්ති ගාස්තු salli 30955,Education
udemy 573,Education
32958 tshirt,Shopping
7468 spent,Other
බස් එකට salli 19749,Transport
4113 degree,Education
ආධාර 2415,Gifts & Charity
arpico salli 28950,Shopping
පෑන් පැන්සල් Rs.18259,Education
33485 sugar,Shopping
41401 hoppers,Food
බස් එකට Rs.5454,Transport
30718 clothes,Shopping
finance Rs.46059,Finance
bank fee salli 3164,Finance
13496 බත්,Food
තෑගි 14771,Gifts & Charity
beach salli 4507,Entertainment
meat salli 30360,Shopping
hutch 16137,Utilities
cargills salli 38968,Shopping
general 28510,Other
සපත්තු Rs.46220,Shopping
3960 postpaid,Utilities
hospital 1645,Health
14171 පින් වලට,Gifts & Charity
සපත්තු 13775,Shopping
16216 fiber,Utilities
35387 lunch,Food
gaming 49811,Entertainment
මේකප් Rs.1651,Personal Care
season salli 49145,Transport
21299 don't know,Other
14966 finance,Finance
party salli 35602,Entertainment
degree 18586,Education
shaving Rs.39222,Personal Care
28723 street food,Food
online course 1638,Education
41978 bus,Transport
pharmacy Rs.45107,Health
party 17031,Entertainment
hutch 14527,Utilities
ඇඳුම් ගත්තා salli 49672,Shopping
පින් වලට salli 32708,Gifts & Charity
3247 gym,Personal Care
නිකම්ම Rs.22576,Other
present salli 25651,Gifts & Charity
46137 postpaid,Utilities
4114 තෙල්,Transport
insurance 36243,Finance
rice salli 21440,Food
grocery salli 31115,Shopping
49285 ට්‍රිප්,Entertainment
බඩු ගත්තා salli 5873,Shopping
36286 soap,Shopping
panadol 42132,Health
45134 channeling,Health
watch Rs.23296,Shopping
shoppin salli 12410,Shopping
දානය salli 17977,Gifts & Charity
පෑන් පැන්සල් salli 14922,Education
4001 tax,Finance
udemy 38071,Education
loan 34047,Finance
48803 kitchen items,Shopping
unknown salli 33313,Other
phone bill 24050,Utilities
kottu Rs.33510,Food
20066 soap,Shopping
insurance salli 20888,Finance
hair cut salli 25720,Personal Care
reload salli 13962,Utilities
water bill salli 2379,Utilities
27359 tire change,Transport
home rent Rs.31912,Utilities
46039 bag,Shopping
tuk 5420,Transport
gift Rs.18454,Gifts & Charity
10371 hair cut,Personal Care
පන්ති ගාස්තු salli 30211,Education
petrol Rs.2964,Transport
ඉන්ෂුවරන්ස් salli 39864,Finance
exam fee 41994,Education
tax 22809,Finance
වෙනත් Rs.5485,Other
විනෝදෙට 37875,Entertainment
41292 health insurance,Health
exam fee Rs.26410,Education
pocket money Rs.45978,Other
bus 15754,Transport
game 15136,Entertainment
loan Rs.1722,Finance
pin salli 31159,Gifts & Charity
loan salli 23658,Finance
general 43376,Other
tshirt 19364,Shopping
helping 35695,Gifts & Charity
wedding 20478,Gifts & Charity
32845 හොස්පිට්ල්,Health
dhal Rs.47944,Shopping
don't know Rs.25072,Other
vitamin Rs.7148,Health
body lotion Rs.11804,Personal Care
stock 5806,Finance
book Rs.29740,Education
pin 3061,Gifts & Charity
මේකප් Rs.49747,Personal Care
ticket 34344,Transport
35724 spent,Other
ජිම් එකට Rs.9406,Personal Care
club 20630,Entertainment
parking 39164,Transport
29017 fiber,Utilities
beach 42503,Entertainment
ට්‍රිප් salli 21633,Entertainment
5618 රීලෝඩ්,Utilities
train Rs.5455,Transport
spent salli 38638,Other
17975 medicine,Health
15131 vacation,Entertainment
phone bill 12112,Utilities
14233 hair cut,Personal Care
beach 7511,Entertainment
exam fee Rs.6382,Education
stationary Rs.18922,Education
postpaid Rs.36451,Utilities
gift Rs.33164,Gifts & Charity
pickme food Rs.22049,Food
loan Rs.4752,Finance
37177 library,Education
shaving Rs.37237,Personal Care
40695 postpaid,Utilities
ayurvedic 40988,Health
14565 hair color,Personal Care
34149 beheth,Health
බර්ත්ඩේ Rs.7842,Gifts & Charity
fitness salli 21168,Health
spa Rs.4335,Personal Care
uber 34886,Transport
300 ගෑස්,Utilities
payment 17014,Finance
ෆාමසි 37367,Health
sugar salli 38919,Shopping
30395 ලයිට් බිල,Utilities
ඉන්ෂුවරන්ස් 38066,Finance
doctor Rs.570,Health
26014 leasing,Finance
24079 offer,Gifts & Charity
පන්ති ගාස්තු salli 34691,Education
7269 offer,Gifts & Charity
තෙල් Rs.4645,Transport
library 31361,Education
කෝස් එකට salli 34009,Education
ගෑස් salli 10478,Utilities
electricity Rs.28305,Utilities
සැලෝන් එකට 42664,Personal Care
37231 spa,Personal Care
finance Rs.14507,Finance
soap salli 43577,Shopping
34627 fare,Transport
චැනලින් Rs.18225,Health
kema Rs.2823,Food
vitamin salli 32899,Health
විනෝදෙට salli 17821,Entertainment
ඇඳුම් ගත්තා salli 20732,Shopping
49397 soap,Shopping
ඉන්ෂුවරන්ස් salli 4954,Finance
postpaid 27697,Utilities
skincare 26719,Personal Care
35022 අතමාරු ගත්තා,Finance
23503 bike service,Transport
channeling 8757,Health
dansal 17318,Gifts & Charity
නිකම්ම salli 20099,Other
විභාග ගාස්තු Rs.24099,Education
තෑගි 43509,Gifts & Charity
15042 වතුර බිල,Utilities
46232 තේ බොන්න,Food
postpaid salli 30956,Utilities
48891 stock,Finance
show Rs.31016,Entertainment
ලෝන් එකට Rs.44453,Finance
35216 panthi,Education
27087 hutch,Utilities
මුදල් salli 5419,Other
බර්ත්ඩේ 26699,Gifts & Charity
මුදල් 10126,Other
gaming Rs.30558,Entertainment
daraz Rs.48607,Shopping
දානය Rs.8901,Gifts & Charity
loan salli 33606,Finance
offer salli 20505,Gifts & Charity
12162 cash,Other
shoppin Rs.11334,Shopping
කෝච්චියට 13642,Transport
ඇඳුම් ගත්තා Rs.14327,Shopping
exam fee 48941,Education
26031 cool drink,Food
soap 43206,Personal Care
book salli 34818,Education
lost Rs.12276,Other
වෙනත් Rs.15003,Other
birthday 41580,Gifts & Charity
spotify salli 22182,Entertainment
2484 water bill,Utilities
අතමාරු ගත්තා 14208,Finance
lost salli 32730,Other
unknown salli 17331,Other
channeling 26423,Health
auto salli 35972,Transport
medicine Rs.46017,Health
tuk salli 34485,Transport
beer salli 18771,Entertainment
27324 අතමාරුව,Finance
prepaid salli 9134,Utilities
tea Rs.41369,Food
office go salli 39086,Transport
බර්ත්ඩේ Rs.21115,Gifts & Charity
9501 tire change,Transport
40052 donation,Gifts & Charity
offer salli 40215,Gifts & Charity
tax Rs.9507,Finance
shaving salli 34101,Personal Care
threewheel salli 16460,Transport
බනිස් salli 11903,Food
22601 විභාග ගාස්තු,Education
29694 සපත්තු,Shopping
18611 මුදල්,Other
tire change Rs.3558,Transport
tax salli 3625,Finance
keells salli 49525,Shopping
ණය 45114,Finance
uber Rs.11442,Transport
10383 keells,Shopping
pharmacy 32896,Health
breakfast salli 25391,Food
33155 හොස්පිට්ල්,Health
26213 petrol,Transport
recharge 21981,Utilities
party Rs.45623,Entertainment
tuk Rs.1683,Transport
transport cost 32068,Transport
dinner Rs.29589,Food
ගෑස් salli 47568,Utilities
coursera Rs.33407,Education
spa Rs.13418,Personal Care
බඩු ගත්තා Rs.30140,Shopping
45404 soap,Shopping
23261 office go,Transport
10691 drink,Food
45446 ගෑස්,Utilities
body lotion salli 10881,Personal Care
නයි පියවන්න Rs.34632,Finance
ayurvedic salli 9718,Health
සැලෝන් එකට salli 11374,Personal Care
leasing 30954,Finance
tax salli 23762,Finance
gym 37706,Personal Care
සැලෝන් එකට 1651,Personal Care
14544 විනෝදෙට,Entertainment
interest Rs.48810,Finance
45546 netflix,Entertainment
24134 vitamin,Health
37051 keells,Shopping
course Rs.6917,Education
lab Rs.39149,Health
සැලෝන් එකට Rs.8507,Personal Care
7980 ඇඳුම් ගත්තා,Shopping
වෙනත් 22022,Other
11853 චැනලින්,Health
ඉන්ෂුවරන්ස් Rs.41673,Finance
office go 11733,Transport
religious 6900,Gifts & Charity
dhal salli 28879,Shopping
38654 kitchen items,Shopping
ලෝන් එකට 781,Finance
credit card Rs.33932,Finance
40722 කෝස් එකට,Education
18481 විභාග ගාස්තු,Education
taxi 15370,Transport
broadband salli 17068,Utilities
party Rs.42853,Entertainment
credit card 48647,Finance
pickme salli 41939,Transport
7190 bag,Shopping
bakery 35261,Food
දවල් කෑමට Rs.42741,Food
milk powder Rs.23591,Shopping
17235 coursera,Education
stationary Rs.6035,Education
interest salli 45018,Finance
subway Rs.43393,Food
32828 බර්ත්ඩේ,Gifts & Charity
44919 burger,Food
48981 dansal,Gifts & Charity
ට්‍රිප් salli 24368,Entertainment
31040 පින් වලට,Gifts & Charity
threewheel Rs.41322,Transport
medical test salli 44126,Health
exam fee Rs.2544,Education
fish salli 43800,Shopping
42817 class fee,Education
bakery Rs.10090,Food
7408 credit card,Finance
doctor Rs.35021,Health
interest 38161,Finance
චැනලින් salli 38188,Health
pocket money Rs.38070,Other
38879 breakfast,Food
39438 pocket money,Other
35155 phone bill,Utilities
කොණ්ඩය කැපුවා salli 33796,Personal Care
present Rs.11332,Gifts & Charity
2818 loan,Finance
facewash salli 40616,Personal Care
6011 show,Entertainment
salon 48430,Personal Care
45739 tax,Finance
බෙහෙත් වලට Rs.25940,Health
36327 finance,Finance
finance 3987,Finance
12034 spa,Personal Care
don't know Rs.19353,Other
skincare salli 44722,Personal Care
හොස්පිට්ල් Rs.9672,Health
loan salli 15075,Finance
49290 කෝච්චියට,Transport
gas Rs.1527,Utilities
34569 ෆිල්ම්,Entertainment
අතමාරු ගත්තා salli 13147,Finance
24127 bank fee,Finance
15143 fuel,Transport
42839 gym,Personal Care
uber salli 29171,Transport
don't know Rs.37990,Other
auto salli 6475,Transport
43997 kottu,Food
අතින් ගියා 33708,Other
ayurvedic Rs.1973,Health
42879 match ticket,Entertainment
47218 hospital,Health
fuel salli 17841,Transport
office go salli 1900,Transport
offer 17708,Gifts & Charity
11828 offer,Gifts & Charity
33687 චැනලින්,Health
transport cost salli 5503,Transport
21621 charity,Gifts & Charity
28742 taxi,Transport
helping salli 47794,Gifts & Charity
course Rs.31929,Education
soap Rs.4772,Personal Care
wifi 1155,Utilities
46885 other,Other
shampoo salli 36812,Shopping
hutch 1616,Utilities
29084 ගෑස්,Utilities
අතමාරුව Rs.9052,Finance
interest Rs.41344,Finance
34450 ලෝන් එකට,Finance
tax 46800,Finance
dialog Rs.3466,Utilities
match ticket salli 40020,Entertainment
gas Rs.49203,Utilities
insurance Rs.21067,Finance
body lotion 12980,Personal Care
48473 keells,Shopping
general salli 17695,Other
pocket money 279,Other
pin Rs.17326,Gifts & Charity
clothes 17148,Shopping
panadol Rs.38095,Health
35149 insurance,Finance
තේ බොන්න Rs.2052,Food
current bill Rs.14264,Utilities
water bill 39209,Utilities
keells salli 33904,Shopping
drink 27228,Food
cargills salli 21074,Shopping
book Rs.22052,Education
salon Rs.20460,Personal Care
fuel Rs.26195,Transport
online course salli 25574,Education
24333 workshop,Education
34185 wifi,Utilities
grocery Rs.42210,Shopping
physio Rs.44923,Health
transport cost Rs.7082,Transport
match ticket 4324,Entertainment
misc Rs.46649,Other
නිකම්ම Rs.8399,Other
charity salli 48859,Gifts & Charity
makeup salli 13299,Personal Care
perfume 46889,Personal Care
game 8348,Entertainment
trimming Rs.49916,Personal Care
48350 beauty,Personal Care
සැලෝන් එකට salli 14958,Personal Care
physio 19540,Health
28232 dansal,Gifts & Charity
burger 40311,Food
1380 loan,Finance
හොස්පිට්ල් 9352,Health
ෆිල්ම් Rs.9871,Entertainment
තේ බොන්න 31701,Food
10158 චැනලින්,Health
charity salli 41880,Gifts & Charity
කෝස් එකට 13781,Education
petrol salli 49961,Transport
shaving 31315,Personal Care
vacation salli 16124,Entertainment
exam fee salli 23465,Education
makeup Rs.1926,Personal Care
trimming 49840,Personal Care
pen and paper Rs.16618,Education
25093 general,Other
512 fish,Shopping
internet Rs.43424,Utilities
pin salli 18607,Gifts & Charity
රීලෝඩ් Rs.3296,Utilities
offer Rs.49156,Gifts & Charity
tshirt salli 29877,Shopping
7295 හොස්පිට්ල්,Health
hair color Rs.7932,Personal Care
රෑ කෑම salli 1544,Food
garbage fee salli 21115,Utilities
18943 data,Utilities
soap 23966,Shopping
39822 stationary,Education
ෆිල්ම් 43559,Entertainment
ඩිසල් 8435,Transport
dinner Rs.48832,Food
18374 ගෑස්,Utilities
42382 ayurvedic,Health
සෙල්ලම් කරන්න Rs.8419,Entertainment
14705 current bill,Utilities
නයි පියවන්න 43405,Finance
තේ බොන්න salli 6135,Food
pin 47742,Gifts & Charity
lunch salli 7184,Food
parking salli 48117,Transport
32301 auto,Transport
unknown Rs.14313,Other
pharmacy salli 32867,Health
mobitel salli 5471,Utilities
liquor 10658,Entertainment
club 39822,Entertainment
snacks Rs.27336,Food
sugar Rs.13353,Shopping
donation salli 28406,Gifts & Charity
salon 37563,Personal Care
course 34871,Education
physio 42108,Health
season salli 16707,Transport
cash salli 32126,Other
පින් වලට 38948,Gifts & Charity
fish Rs.16992,Shopping
බර්ත්ඩේ 20311,Gifts & Charity
23627 course,Education
37451 vacation,Entertainment
milk powder 27074,Shopping
pen and paper 12495,Education
poth Rs.35342,Education
15805 operation,Health
present Rs.46666,Gifts & Charity
degree 40812,Education
vegetables salli 42586,Shopping
16748 club,Entertainment
මුදල් 35676,Other
udemy Rs.4108,Education
dentist 474,Health
donation salli 9750,Gifts & Charity
shoes salli 3624,Shopping
party salli 36171,Entertainment
lunch Rs.26095,Food
interest 41826,Finance
තෑගි salli 44456,Gifts & Charity
නිකම්ම Rs.37712,Other
9999 hotel bill,Food
skincare 38030,Personal Care
home rent Rs.13628,Utilities
tax salli 20854,Finance
bill salli 18173,Utilities
medical test Rs.40643,Health
32126 stock,Finance
dansal Rs.48552,Gifts & Charity
wedding 34011,Gifts & Charity
26293 beer,Entertainment
pen and paper salli 30785,Education
trip Rs.201,Entertainment
13154 vacation,Entertainment
udemy salli 31783,Education
වතුර බිල Rs.13895,Utilities
ticket Rs.1042,Transport
39537 දානය,Gifts & Charity
1225 slt bill,Utilities
credit card salli 6155,Finance
විනෝදෙට salli 10657,Entertainment
පෑන් පැන්සල් salli 11614,Education
watch 37991,Shopping
concert salli 17744,Entertainment
757 clinic,Health
alms salli 3926,Gifts & Charity
23149 trip,Entertainment
stock salli 35874,Finance
helping Rs.27546,Gifts & Charity
බිල් එකට salli 3881,Utilities
vacation 10013,Entertainment
book Rs.15188,Education
bank fee 8365,Finance
doctor 9332,Health
interest salli 17253,Finance
3479 unknown,Other
pocket money salli 33407,Other
මුදල් 13948,Other
loan salli 48313,Finance
tax 35748,Finance
දානය 9272,Gifts & Charity
46249 hospital,Health
161 දානය,Gifts & Charity
වෙනත් salli 1507,Other
clothes salli 42192,Shopping
clinic salli 18068,Health
leasing 45059,Finance
6334 වෙනත්,Other
36547 නිකම්ම,Other
cinema 14429,Entertainment
uber 28204,Transport
44787 misc,Other
street food 2636,Food
22753 පෑන් පැන්සල්,Education
phone bill Rs.869,Utilities
pizza 30386,Food
ගෑස් Rs.40146,Utilities
pants salli 42694,Shopping
fitness 14816,Health
චැනලින් salli 14897,Health
27074 short eats,Food
shoppin Rs.8858,Shopping
university 10451,Education
ticket Rs.44630,Transport
offer Rs.13939,Gifts & Charity
37595 health insurance,Health
recharge 20553,Utilities
33380 shampoo,Shopping
ලෝන් එකට 5306,Finance
taxi 48796,Transport
don't know 27026,Other
26606 බස් එකට,Transport
fish salli 21778,Shopping
shaving Rs.12937,Personal Care
club 575,Entertainment
43086 electricity,Utilities
tea 19525,Food
තෑගි salli 3964,Gifts & Charity
grocery salli 20889,Shopping
තෑගි 29092,Gifts & Charity
කඩෙන් කෑවා Rs.48286,Food
2225 medicine,Health
prepaid salli 24778,Utilities
birthday 28844,Gifts & Charity
cash salli 20420,Other
short eats salli 16107,Food
43507 ayurvedic,Health
unknown Rs.7766,Other
diesel 23212,Transport
39454 parking,Transport
keells Rs.25556,Shopping
udemy 173,Education
අතමාරුව 37132,Finance
stock Rs.24488,Finance
don't know 5629,Other
26901 බනිස්,Food
37890 credit card,Finance
lab 9267,Health
fuel 5810,Transport
pocket money 38319,Other
religious Rs.40690,Gifts & Charity
poth Rs.31700,Education
offer Rs.17912,Gifts & Charity
hair color 16562,Personal Care
alms 11940,Gifts & Charity
දානය Rs.27365,Gifts & Charity
මුදල් 10808,Other
eye check salli 18555,Health
don't know 5053,Other
39239 eye check,Health
11670 coursera,Education
grocery Rs.11307,Shopping
විභාග ගාස්තු Rs.697,Education
mobitel Rs.20544,Utilities
car wash Rs.34145,Transport
fitness 38449,Health
petrol salli 30852,Transport
facewash salli 18245,Personal Care
12669 තෙල්,Transport
dialog Rs.38028,Utilities
alms salli 26015,Gifts & Charity
highway toll salli 16820,Transport
salon 10210,Personal Care
49062 ෆාමසි,Health
rice and curry Rs.45627,Food
alms Rs.40325,Gifts & Charity
wedding 20752,Gifts & Charity
party salli 423,Entertainment
17142 කෝච්චියට,Transport
13457 pen and paper,Education
office go Rs.17140,Transport
phone bill Rs.35967,Utilities
lunch Rs.6674,Food
ticket salli 8490,Transport
චැනලින් salli 11745,Health
pen and paper 37971,Education
පන්ති ගාස්තු salli 5920,Education
46034 තෑගි,Gifts & Charity
7011 vehicle repair,Transport
mobitel salli 9920,Utilities
poth salli 5311,Education
ෆිල්ම් 41017,Entertainment
trimming Rs.14009,Personal Care
spa salli 9237,Personal Care
kottu 28554,Food
health insurance Rs.48511,Health
rice and curry Rs.45080,Food
ලෝන් එකට Rs.46410,Finance
hair cut 11773,Personal Care
gym salli 38286,Personal Care
11838 eye check,Health
47653 eye check,Health
barber salli 25875,Personal Care
40233 shampoo,Shopping
slt bill Rs.27071,Utilities
concert salli 10199,Entertainment
1139 present,Gifts & Charity
workshop Rs.34193,Education
outing salli 1489,Entertainment
dialog Rs.16336,Utilities
university 1852,Education
other Rs.23004,Other
kitchen items 40804,Shopping
bank fee Rs.43177,Finance
අතමාරු ගත්තා Rs.21816,Finance
cinema salli 13742,Entertainment
බර්ත්ඩේ salli 37611,Gifts & Charity
train Rs.22652,Transport
අතින් ගියා 16138,Other
ෆිල්ම් 31243,Entertainment
විනෝදෙට Rs.12797,Entertainment
22009 බඩු ගත්තා,Shopping
rice and curry salli 39711,Food
clothes 34269,Shopping
supermarket salli 10871,Shopping
religious Rs.6033,Gifts & Charity
ආධාර Rs.39463,Gifts & Charity
university Rs.33733,Education
23926 කොත්තු,Food
48955 workshop,Education
phone bill salli 8323,Utilities
43978 panthi,Education
කොණ්ඩය කැපුවා 17886,Personal Care
unknown Rs.12959,Other
unknown Rs.38059,Other
diesel Rs.18824,Transport
සපත්තු 47970,Shopping
phone bill 25575,Utilities
vitamin Rs.28143,Health
46942 club,Entertainment
makeup Rs.6550,Personal Care
බස් එකට Rs.46909,Transport
eye check salli 3530,Health
මේකප් 46694,Personal Care
prepaid Rs.20290,Utilities
show salli 10715,Entertainment
බිල් එකට salli 38493,Utilities
youtube premium Rs.32661,Entertainment
broadband salli 2326,Utilities
2023 ෆිල්ම්,Entertainment
11180 අතින් ගියා,Other
සෙල්ලම් කරන්න Rs.5738,Entertainment
payment Rs.32280,Finance
14458 tire change,Transport
දවල් කෑමට salli 37748,Food
පෑන් පැන්සල් Rs.15236,Education
train Rs.38201,Transport
uber Rs.47506,Transport
අතමාරු ගත්තා Rs.21393,Finance
22 ලයිට් බිල,Utilities
35632 clothes,Shopping
daraz 43894,Shopping
bank fee Rs.27270,Finance
general salli 8121,Other
transport cost salli 47239,Transport
tuk Rs.6212,Transport
streaming Rs.10444,Entertainment
unknown Rs.33302,Other
mobitel salli 3433,Utilities
donation Rs.18401,Gifts & Charity
fitness 5221,Health
18322 unknown,Other
සෙල්ලම් කරන්න Rs.2360,Entertainment
interest 28342,Finance
27777 tuk,Transport
35215 hair color,Personal Care
rice Rs.26480,Food
බඩු ගත්තා Rs.43622,Shopping
internet Rs.717,Utilities
සැලෝන් එකට Rs.29637,Personal Care
25486 helping,Gifts & Charity
32157 bus,Transport
ඩොක්ටර්ට salli 30375,Health
alms Rs.1574,Gifts & Charity
ණය Rs.19564,Finance
insurance salli 47394,Finance
දානය 26509,Gifts & Charity
අතමාරුව salli 17159,Finance
class fee Rs.20203,Education
4994 leasing,Finance
fitness Rs.9071,Health
trimming salli 49830,Personal Care
21488 නයි පියවන්න,Finance
show Rs.9792,Entertainment
dialog Rs.6737,Utilities
24409 water bill,Utilities
poth Rs.15379,Education
pocket money salli 44338,Other
13486 investment,Finance
beach Rs.35938,Entertainment
lunch Rs.47549,Food
class fee 43696,Education
kewa salli 22060,Food
channeling Rs.25993,Health
panthi salli 16161,Education
sugar 13257,Shopping
keells Rs.14293,Shopping
35843 hutch,Utilities
vitamin salli 45076,Health
soap 49473,Shopping
45016 coursera,Education
keells Rs.38323,Shopping
12758 tire change,Transport
highway toll salli 37335,Transport
concert salli 20260,Entertainment
16848 soap,Personal Care
present salli 11584,Gifts & Charity
වෙනත් Rs.38160,Other
29110 tax,Finance
පොත් වලට Rs.37633,Education
සැලෝන් එකට Rs.13980,Personal Care
offer Rs.38300,Gifts & Charity
සපත්තු Rs.46707,Shopping
soap salli 38386,Shopping
47478 gift,Gifts & Charity
unknown salli 29420,Other
lost Rs.48218,Other
1630 current bill,Utilities
dinner salli 1444,Food
stock 21031,Finance
අතමාරුව salli 8869,Finance
40704 spent,Other
don't know Rs.45600,Other
19788 කොත්තු,Food
4572 mobitel,Utilities
31457 charity,Gifts & Charity
spa Rs.23103,Personal Care
salon 35240,Personal Care
fish salli 873,Shopping
lost Rs.36155,Other
udemy salli 30190,Education
beer Rs.43171,Entertainment
21157 cash,Other
13972 beach,Entertainment
36280 bank fee,Finance
workshop Rs.6034,Education
සෙල්ලම් කරන්න 46523,Entertainment
තෑගි 7010,Gifts & Charity
28382 pickme,Transport
38105 salon,Personal Care
29534 adventure,Entertainment
physio 22444,Health
tire change Rs.32826,Transport
book salli 21227,Education
1331 udemy,Education
hutch 11942,Utilities
stationary Rs.33757,Education
broadband salli 4722,Utilities
taxi salli 7831,Transport
කෝච්චියට salli 14147,Transport
offer Rs.6168,Gifts & Charity
4359 hutch,Utilities
misc Rs.20060,Other
තෑගි Rs.6980,Gifts & Charity
beheth salli 4398,Health
beer 32450,Entertainment
ජිම් එකට salli 47409,Personal Care
stock Rs.30994,Finance
cool drink salli 15003,Food
tuition Rs.27888,Education
grocery 34615,Shopping
5464 outing,Entertainment
33427 exam fee,Education
ජිම් එකට Rs.20613,Personal Care
vitamin Rs.140,Health
helping salli 37840,Gifts & Charity
දවල් කෑමට 40512,Food
44423 kottu,Food
23725 movie,Entertainment
game Rs.33251,Entertainment
pharmacy 30920,Health
kottu 20811,Food
අතින් ගියා Rs.45114,Other
game Rs.4081,Entertainment
41432 spent,Other
fish Rs.19008,Shopping
taxi 32516,Transport
13796 supermarket,Shopping
outing salli 4018,Entertainment
beheth 26229,Health
859 daraz,Shopping
43023 soap,Personal Care
47046 rice,Food
නිකම්ම salli 46993,Other
ubereats Rs.1153,Food
broadband salli 23300,Utilities
20645 pin,Gifts & Charity
beer salli 17895,Entertainment
tuition salli 19654,Education
tuition Rs.43122,Education
අතමාරුව salli 25724,Finance
wedding Rs.28152,Gifts & Charity
exam fee 27201,Education
movie salli 23596,Entertainment
9717 pickme,Transport
49856 beer,Entertainment
gas salli 12230,Utilities
49905 අතමාරුව,Finance
කොත්තු salli 2946,Food
අතින් ගියා 21592,Other
1206 prepaid,Utilities
milk powder salli 39775,Shopping
online course 10043,Education
movie Rs.4665,Entertainment
udemy salli 611,Education
street food salli 22877,Food
diesel Rs.27503,Transport
43600 gift,Gifts & Charity
vehicle repair Rs.9067,Transport
18995 ticket,Transport
fiber salli 32022,Utilities
10483 don't know,Other
internet Rs.3831,Utilities
අතින් ගියා 5773,Other
home rent salli 34011,Utilities
ණය 18248,Finance
pants salli 14686,Shopping
25059 diesel,Transport
vacation Rs.4044,Entertainment
office go Rs.28028,Transport
interest salli 12981,Finance
library salli 25728,Education
කෑම Rs.1152,Food
kema Rs.14068,Food
petrol salli 37831,Transport
outing Rs.35363,Entertainment
pickme food Rs.17984,Food
meat 4469,Shopping
rice and curry salli 31590,Food
religious Rs.14473,Gifts & Charity
කොණ්ඩය කැපුවා salli 12535,Personal Care
cash salli 12223,Other
crypto 39383,Finance
33954 rice bag,Shopping
misc salli 32446,Other
parking 6222,Transport
37743 dinner,Food
කඩෙන් කෑවා 24142,Food
fare 34552,Transport
shoes Rs.47315,Shopping
vegetables 18912,Shopping
other 24101,Other
4234 wedding,Gifts & Charity
බත් salli 8321,Food
charity 21547,Gifts & Charity
26425 tax,Finance
22377 චැනලින්,Health
keells 7674,Shopping
රෑ කෑම salli 19610,Food
water bill salli 11080,Utilities
water bill Rs.42067,Utilities
restaurant Rs.12248,Food
other salli 41849,Other
udemy Rs.33389,Education
පොත් වලට Rs.19086,Education
class fee salli 12031,Education
33345 don't know,Other
37625 pharmacy,Health
18680 party,Entertainment
ticket Rs.31321,Transport
internet 1847,Utilities
diesel 136,Transport
බිල් එකට 6880,Utilities
48870 charity,Gifts & Charity
streaming 47310,Entertainment
leasing 12166,Finance
body lotion salli 4429,Personal Care
stock salli 30431,Finance
11204 විභාග ගාස්තු,Education
payment salli 46880,Finance
watch 9960,Shopping
22147 ලෝන් එකට,Finance
stock salli 877,Finance
7558 bank fee,Finance
pin 18803,Gifts & Charity
26511 auto,Transport
vacation Rs.4182,Entertainment
loan Rs.28168,Finance
ජිම් එකට Rs.12433,Personal Care
cash Rs.21232,Other
recharge 17910,Utilities
grocery 48929,Shopping
payment salli 40837,Finance
20021 coursera,Education
49436 meat,Shopping
බර්ත්ඩේ Rs.23528,Gifts & Charity
game Rs.3453,Entertainment
barber salli 27690,Personal Care
බත් Rs.30388,Food
bill salli 34051,Utilities
sugar Rs.20913,Shopping
49888 ඩොක්ටර්ට,Health
තෑගි Rs.44645,Gifts & Charity
credit card salli 4452,Finance
දවල් කෑමට salli 35063,Food
24803 supermarket,Shopping
helping salli 14169,Gifts & Charity
6937 shoppin,Shopping
parking 21967,Transport
tshirt Rs.15390,Shopping
salon 47700,Personal Care
ජිම් එකට Rs.48198,Personal Care
සැලෝන් එකට Rs.38455,Personal Care
barber salli 10099,Personal Care
eye check salli 38953,Health
12632 online course,Education
spent salli 36577,Other
unknown 23205,Other
wedding 30443,Gifts & Charity
club salli 35871,Entertainment
insurance 33922,Finance
shaving 3256,Personal Care
tuk 36724,Transport
ෆිල්ම් 12667,Entertainment
34603 පොත් වලට,Education
trip Rs.37551,Entertainment
18922 online course,Education
clothes salli 49738,Shopping
ෆිල්ම් Rs.3898,Entertainment
present 18596,Gifts & Charity
විභාග ගාස්තු Rs.12583,Education
30084 donation,Gifts & Charity
beer 7811,Entertainment
pen and paper Rs.40474,Education
body lotion Rs.40040,Personal Care
30388 කොණ්ඩය කැපුවා,Personal Care
48817 transport cost,Transport
lunch salli 14922,Food
23012 match ticket,Entertainment
perfume salli 37017,Personal Care
lost Rs.27777,Other
ෆිල්ම් Rs.8508,Entertainment
702 බෙහෙත් වලට,Health
16309 reload,Utilities
fitness Rs.39881,Health
petrol 32227,Transport
මුදල් salli 35088,Other
taxi Rs.47736,Transport
15438 dialog,Utilities
daraz salli 25145,Shopping
විභාග ගාස්තු Rs.9507,Education
home rent salli 41782,Utilities
shaving 13620,Personal Care
wifi 44002,Utilities
loan salli 44095,Finance
19487 hotel bill,Food
40972 clinic,Health
insurance 42673,Finance
21089 online course,Education
නිකම්ම salli 12399,Other
car wash salli 42607,Transport
arpico 45108,Shopping
bag Rs.39768,Shopping
pocket money 40791,Other
dentist Rs.26373,Health
8857 panthi,Education
බෙහෙත් වලට salli 40362,Health
rice Rs.14263,Food
rice bag salli 20330,Shopping
channeling salli 22881,Health
interest 36660,Finance
library salli 43935,Education
concert Rs.19468,Entertainment
coursera 6217,Education
gift 33673,Gifts & Charity
stationary salli 29010,Education
liquor salli 27151,Entertainment
ත්‍රීවීල් salli 2852,Transport
43627 clothes,Shopping
11483 dentist,Health
41000 pocket money,Other
clinic salli 36273,Health
course 37967,Education
netflix 9239,Entertainment
daraz 34101,Shopping
loan Rs.12155,Finance
tuition salli 45232,Education
16449 concert,Entertainment
වෙනත් salli 45642,Other
8461 චැනලින්,Health
interest 41635,Finance
මුදල් Rs.12546,Other
present 16129,Gifts & Charity
බඩු ගත්තා Rs.18857,Shopping
misc Rs.30716,Other
health insurance Rs.12130,Health
36161 පන්ති ගාස්තු,Education
2870 පොත් වලට,Education
dinner Rs.30049,Food
soap Rs.9625,Personal Care
මුදල් Rs.13294,Other
18857 furniture,Shopping
fitness salli 44976,Health
31624 operation,Health
36285 payment,Finance
pharmacy salli 49040,Health
meat 24654,Shopping
current bill Rs.1239,Utilities
35110 තේ බොන්න,Food
dentist salli 6986,Health
20564 leasing,Finance
rice bag salli 46527,Shopping
slt bill 45586,Utilities
23017 ජිම් එකට,Personal Care
finance Rs.42034,Finance
rice bag 4237,Shopping
stationary Rs.31736,Education
game 13444,Entertainment
පින් වලට salli 42826,Gifts & Charity
don't know Rs.4636,Other
ෆිල්ම් 46099,Entertainment
ticket Rs.13720,Transport
48961 අතමාරුව,Finance
beach Rs.37787,Entertainment
39725 grocery,Shopping
49937 විනෝදෙට,Entertainment
gaming Rs.36991,Entertainment
don't know Rs.12713,Other
4850 dhal,Shopping
current bill Rs.23962,Utilities
ගෑස් 42698,Utilities
ඉන්ෂුවරන්ස් Rs.23395,Finance
data salli 24228,Utilities
rice bag Rs.13575,Shopping
කොණ්ඩය කැපුවා 46006,Personal Care
makeup salli 21496,Personal Care
university 1123,Education
15678 helping,Gifts & Charity
10069 eye check,Health
interest Rs.38049,Finance
rice salli 9314,Food
46086 beer,Entertainment
fuel 17868,Transport
health insurance 29593,Health
soap Rs.5490,Personal Care
වතුර බිල 7555,Utilities
14694 stock,Finance
phone bill Rs.41340,Utilities
42301 බඩු ගත්තා,Shopping
26259 තෑගි,Gifts & Charity
37640 concert,Entertainment
21939 bill,Utilities
හොස්පිට්ල් Rs.21946,Health
kema salli 9242,Food
බනිස් 239,Food
panadol Rs.3609,Health
1041 barber,Personal Care
pocket money 47414,Other
2549 wedding,Gifts & Charity
charity Rs.9624,Gifts & Charity
unknown 33813,Other
spent 45411,Other
fish 49428,Shopping
skincare salli 19120,Personal Care
8545 unknown,Other
shoes 49201,Shopping
internet Rs.208,Utilities
online course Rs.5132,Education
16703 office go,Transport
stock salli 37811,Finance
burger Rs.18768,Food
31488 ඇඳුම් ගත්තා,Shopping
නිකම්ම 38905,Other
credit card 3211,Finance
hutch 22471,Utilities
club Rs.5953,Entertainment
breakfast Rs.7600,Food
eye check Rs.17234,Health
party Rs.33072,Entertainment
ඇඳුම් ගත්තා Rs.3895,Shopping
46156 milk powder,Shopping
ලෝන් එකට Rs.36011,Finance
outing 4100,Entertainment
fiber salli 2832,Utilities
48185 body lotion,Personal Care
5705 donation,Gifts & Charity
22767 vegetables,Shopping
3815 gas,Utilities
rice bag Rs.31632,Shopping
bus 47819,Transport
pen and paper 17652,Education
petrol salli 19534,Transport
biscuit salli 47633,Food
online course Rs.44634,Education
stock Rs.39109,Finance
17903 loan,Finance
pickme salli 42488,Transport
tshirt 11118,Shopping
transport cost salli 47987,Transport
ඩොක්ටර්ට Rs.11854,Health
ලෝන් එකට salli 34369,Finance
1300 shoes,Shopping
finance salli 48526,Finance
නයි පියවන්න Rs.36816,Finance
beheth salli 15646,Health
19052 movie,Entertainment
47074 බිල් එකට,Utilities
present 47713,Gifts & Charity
45820 ජිම් එකට,Personal Care
restaurant 25935,Food
subway 5221,Food
ලයිට් බිල 24375,Utilities
39622 offer,Gifts & Charity
class fee 46850,Education
කෝස් එකට salli 23370,Education
dhal Rs.1451,Shopping
lab 44657,Health
degree Rs.25075,Education
helping 31977,Gifts & Charity
37223 clothes,Shopping
soap salli 23992,Personal Care
39478 channeling,Health
adventure salli 44280,Entertainment
internet Rs.8850,Utilities
ජිම් එකට 16943,Personal Care
leasing salli 20321,Finance
don't know 21228,Other
අතින් ගියා salli 8351,Other
නිකම්ම salli 555,Other
33444 gas,Utilities
bank fee salli 37141,Finance
hair color salli 18885,Personal Care
coursera 15865,Education
28225 car wash,Transport
9197 ඩොක්ටර්ට,Health
බෙහෙත් වලට salli 28003,Health
unknown salli 10548,Other
19476 payment,Finance
beach salli 31925,Entertainment
kewa salli 9749,Food
shoppin 5943,Shopping
බනිස් Rs.48709,Food
6774 university,Education
doctor salli 39018,Health
supermarket salli 34535,Shopping
slt bill Rs.25088,Utilities
investment Rs.37668,Finance
medical test 42468,Health
ත්‍රීවීල් 14953,Transport
pocket money salli 45179,Other
hutch salli 14634,Utilities
vacation 22629,Entertainment
club Rs.31700,Entertainment
operation 24131,Health
පෙට්‍රල් Rs.5549,Transport
30887 අතින් ගියා,Other
milk powder 34687,Shopping
පින් වලට Rs.5140,Gifts & Charity
tire change Rs.17135,Transport
13133 prepaid,Utilities
9222 බෙහෙත් වලට,Health
නිකම්ම Rs.17834,Other
channeling 2953,Health
medical test 21016,Health
ඩොක්ටර්ට 15033,Health
offer 47318,Gifts & Charity
16398 uber,Transport
46393 liquor,Entertainment
credit card salli 36315,Finance
donation Rs.26874,Gifts & Charity
19310 daraz,Shopping
9739 insurance,Finance
cash Rs.25665,Other
අතින් ගියා 41417,Other
pants Rs.18528,Shopping
19800 skincare,Personal Care
41658 ජිම් එකට,Personal Care
පන්ති ගාස්තු Rs.26128,Education
concert Rs.47267,Entertainment
විභාග ගාස්තු Rs.28289,Education
15696 credit card,Finance
lunch salli 29043,Food
lab 30415,Health
14575 unknown,Other
panthi salli 48966,Education
hospital 6604,Health
කොණ්ඩය කැපුවා Rs.31116,Personal Care
book Rs.16379,Education
බර්ත්ඩේ salli 12222,Gifts & Charity
33259 channeling,Health
27931 recharge,Utilities
42942 vitamin,Health
exam fee 40523,Education
25491 රෑ කෑම,Food
kema salli 17585,Food
operation 49225,Health
spa salli 24131,Personal Care
lunch 39693,Food
spent 38039,Other
game salli 31418,Entertainment
44890 burger,Food
medical test 40102,Health
13719 interest,Finance
cargills 7789,Shopping
class fee Rs.22482,Education
adventure 20813,Entertainment
dansal 3787,Gifts & Charity
22762 dialog,Utilities
panthi Rs.10390,Education
2124 birthday,Gifts & Charity
cash Rs.17325,Other
shoppin 1139,Shopping
සපත්තු Rs.3746,Shopping
ඇඳුම් ගත්තා salli 31442,Shopping
22539 නිකම්ම,Other
kitchen items 23560,Shopping
spotify 24094,Entertainment
breakfast 8555,Food
හොස්පිට්ල් Rs.8114,Health
ඉන්ෂුවරන්ස් salli 26262,Finance
misc salli 40245,Other
බඩු ගත්තා salli 1035,Shopping
21991 book,Education
41072 short eats,Food
හොස්පිට්ල් Rs.438,Health
47154 payment,Finance
pickme salli 39187,Transport
pharmacy 46171,Health
salon 24663,Personal Care
outing Rs.31976,Entertainment
prepaid 36793,Utilities
වෙනත් Rs.32724,Other
trimming Rs.23925,Personal Care
highway toll Rs.12936,Transport
cargills 36928,Shopping
දානය Rs.12995,Gifts & Charity
pin salli 36728,Gifts & Charity
tea Rs.15874,Food
27290 පොත් වලට,Education
45553 biscuit,Food
29131 offer,Gifts & Charity
adventure Rs.46807,Entertainment
street food salli 21395,Food
35650 ගෑස්,Utilities
eye check salli 357,Health
14168 කොත්තු,Food
pocket money Rs.176,Other
40989 pizza,Food
exam fee 47307,Education
25322 postpaid,Utilities
පෙට්‍රල් salli 17612,Transport
7450 මුදල්,Other
රෑ කෑම salli 482,Food
13677 නිකම්ම,Other
38787 movie,Entertainment
snacks 11979,Food
misc Rs.6817,Other
අතමාරුව salli 18902,Finance
24935 highway toll,Transport
ආධාර Rs.2776,Gifts & Charity
hotel bill Rs.48893,Food
biscuit Rs.13864,Food
car wash salli 14386,Transport
club salli 27973,Entertainment
shoppin salli 13802,Shopping
hoppers 25645,Food
44289 gift,Gifts & Charity
43958 highway toll,Transport
class fee 25708,Education
33670 කඩෙන් කෑවා,Food
trip salli 37887,Entertainment
tuition Rs.10628,Education
gym 40558,Personal Care
මුදල් 8511,Other
general Rs.40423,Other
රීලෝඩ් salli 8048,Utilities
hospital salli 28906,Health
rice bag Rs.21169,Shopping
finance Rs.46865,Finance
online course 34684,Education
9685 mobitel,Utilities
අතමාරුව salli 26289,Finance
පෙට්‍රල් salli 25122,Transport
පන්ති ගාස්තු 20561,Education
charity salli 44539,Gifts & Charity
16638 කෝස් එකට,Education
ලෝන් එකට salli 23260,Finance
pants Rs.6982,Shopping
40398 බිල් එකට,Utilities
කඩෙන් කෑවා 3404,Food
trip 9319,Entertainment
12557 cargills,Shopping
game salli 44645,Entertainment
18831 beheth,Health
gift Rs.11264,Gifts & Charity
hair color salli 41959,Personal Care
degree 28772,Education
petrol Rs.13765,Transport
helping 38524,Gifts & Charity
hair color 29298,Personal Care
stock Rs.8354,Finance
24282 game,Entertainment
4741 unknown,Other
office go 21513,Transport
35550 daraz,Shopping
other Rs.48144,Other
cinema Rs.9967,Entertainment
hair color Rs.31764,Personal Care
ඩිසල් 37604,Transport
panadol Rs.3686,Health
loan salli 24194,Finance
alms Rs.27507,Gifts & Charity
data salli 7789,Utilities
bank fee Rs.20880,Finance
4953 donation,Gifts & Charity
41562 පෑන් පැන්සල්,Education
fuel 16268,Transport
අතින් ගියා salli 22963,Other
වෙනත් Rs.21539,Other
බඩු ගත්තා 33632,Shopping
25069 highway toll,Transport
46636 panthi,Education
23626 finance,Finance
eye check salli 44426,Health
dansal Rs.17611,Gifts & Charity
වෙනත් 17096,Other
internet Rs.41498,Utilities
37410 parking,Transport
ආධාර Rs.16031,Gifts & Charity
investment 180,Finance
trip Rs.41211,Entertainment
alms 5736,Gifts & Charity
කොණ්ඩය කැපුවා 30973,Personal Care
pocket money Rs.23759,Other
beach 38835,Entertainment
dialog Rs.16508,Utilities
trimming salli 30664,Personal Care
office go Rs.31843,Transport
නයි පියවන්න salli 10952,Finance
tshirt 39292,Shopping
donation 36045,Gifts & Charity
mobitel salli 28035,Utilities
grocery 42298,Shopping
32929 spent,Other
offer salli 49357,Gifts & Charity
bank fee 17445,Finance
religious 40104,Gifts & Charity
hutch salli 6990,Utilities
24866 club,Entertainment
pin 15680,Gifts & Charity
panadol salli 31626,Health
operation Rs.41639,Health
39294 hotel bill,Food
අතමාරුව 21678,Finance
ට්‍රිප් 15154,Entertainment
bakery Rs.14055,Food
පොත් වලට salli 42278,Education
tuition 45035,Education
වෙනත් Rs.42601,Other
course Rs.21192,Education
gas 2937,Utilities
class fee salli 30624,Education
train salli 683,Transport
ගෑස් Rs.46707,Utilities
43342 dhal,Shopping
cash Rs.14543,Other
කෑම Rs.17442,Food
නිකම්ම salli 7732,Other
වතුර බිල Rs.40891,Utilities
10928 home rent,Utilities
32936 udemy,Education
34521 data,Utilities
පින් වලට Rs.48155,Gifts & Charity
20752 parking,Transport
shampoo salli 28260,Shopping
dhal salli 40324,Shopping
hospital salli 35965,Health
general salli 7222,Other
කෑම 6065,Food
alms Rs.9981,Gifts & Charity
47466 ඇඳුම් ගත්තා,Shopping
15470 highway toll,Transport
2738 hutch,Utilities
39567 furniture,Shopping
21170 train,Transport
tax salli 28247,Finance
bike service salli 10445,Transport
චැනලින් 16262,Health
spa salli 36265,Personal Care
other 43017,Other
rice bag salli 44862,Shopping
36756 broadband,Utilities
11571 offer,Gifts & Charity
pen and paper Rs.14170,Education
drink 9051,Food
අතමාරු ගත්තා salli 41714,Finance
pen and paper 32166,Education
tax Rs.41117,Finance
ubereats 48929,Food
4985 spotify,Entertainment
physio 46890,Health
අතමාරුව salli 28715,Finance
සෙල්ලම් කරන්න 39813,Entertainment
doctor 12173,Health
45537 broadband,Utilities
සැලෝන් එකට 809,Personal Care
streaming Rs.3468,Entertainment
uber Rs.26854,Transport
biscuit 38525,Food
fare Rs.10323,Transport
degree 34288,Education
salon salli 22835,Personal Care
ayurvedic salli 2865,Health
3905 ට්‍රිප්,Entertainment
tuition Rs.24063,Education
19310 ජිම් එකට,Personal Care
class fee Rs.49603,Education
beauty salli 48461,Personal Care
23955 donation,Gifts & Charity
threewheel 14592,Transport
නයි පියවන්න 10375,Finance
10652 pants,Shopping
pin salli 7133,Gifts & Charity
hair cut salli 22121,Personal Care
trip Rs.40834,Entertainment
gift salli 2725,Gifts & Charity
4488 panthi,Education
streaming Rs.45314,Entertainment
wifi 12276,Utilities
general 7495,Other
සපත්තු Rs.12668,Shopping
පන්ති ගාස්තු salli 28738,Education
bag salli 30461,Shopping
bill 21385,Utilities
43205 panadol,Health
20522 finance,Finance
31082 ඩිසල්,Transport
ඇඳුම් ගත්තා salli 19333,Shopping
34034 online course,Education
diesel 42292,Transport
16974 exam fee,Education
4280 medical test,Health
කෝස් එකට Rs.18426,Education
34645 arpico,Shopping
26734 transport cost,Transport
බර්ත්ඩේ salli 14066,Gifts & Charity
udemy Rs.33626,Education
data 41074,Utilities
පන්ති ගාස්තු Rs.38091,Education
keells Rs.23457,Shopping
dental Rs.6317,Health
perfume 43445,Personal Care
gas Rs.48585,Utilities
bank fee 37560,Finance
beauty Rs.36837,Personal Care
unknown Rs.4753,Other
exam fee salli 17168,Education
don't know salli 3362,Other
keells 22133,Shopping
health insurance 10711,Health
misc 27773,Other
18466 physio,Health
විනෝදෙට salli 10314,Entertainment
41369 spa,Personal Care
18845 poth,Education
crypto Rs.47651,Finance
වෙනත් Rs.41080,Other
16243 cool drink,Food
mobitel salli 3205,Utilities
coffee salli 15193,Food
බෙහෙත් වලට salli 14207,Health
49721 garbage fee,Utilities
lost salli 32541,Other
dansal salli 49775,Gifts & Charity
hoppers salli 26162,Food
33002 cool drink,Food
සපත්තු 389,Shopping
slt bill 48007,Utilities
alms salli 31118,Gifts & Charity
course Rs.38512,Education
operation 44692,Health
supermarket Rs.24197,Shopping
අතමාරුව salli 47334,Finance
meat Rs.19771,Shopping
3112 කෝච්චියට,Transport
lost Rs.41000,Other
insurance 45878,Finance
පින් වලට salli 32271,Gifts & Charity
dansal 31981,Gifts & Charity
udemy Rs.23966,Education
ayurvedic salli 6086,Health
24033 religious,Gifts & Charity
31887 auto,Transport
චැනලින් 41580,Health
spa 38556,Personal Care
class fee Rs.41672,Education
41200 bakery,Food
perfume 23056,Personal Care
අතින් ගියා Rs.48197,Other
48260 විනෝදෙට,Entertainment
leasing salli 44489,Finance
don't know 44823,Other
සැලෝන් එකට Rs.34819,Personal Care
electricity 22449,Utilities
fare 10032,Transport
garbage fee Rs.42259,Utilities
gas 41784,Utilities
26904 විභාග ගාස්තු,Education
stationary salli 49840,Education
36942 ජිම් එකට,Personal Care
ආධාර Rs.2361,Gifts & Charity
credit card salli 18789,Finance
pickme 27655,Transport
game salli 3793,Entertainment
mobitel Rs.45527,Utilities
interest Rs.19021,Finance
hair cut Rs.3320,Personal Care
48419 spa,Personal Care
pharmacy 16077,Health
cash Rs.10677,Other
birthday salli 7602,Gifts & Charity
diesel salli 39917,Transport
bus 21645,Transport
28754 helping,Gifts & Charity
pizza Rs.17145,Food
credit card 34670,Finance
සැලෝන් එකට salli 14110,Personal Care
soap salli 2331,Personal Care
10282 pocket money,Other
ඉන්ෂුවරන්ස් 9956,Finance
slt bill salli 8981,Utilities
credit card salli 9056,Finance
ආධාර 9140,Gifts & Charity
ජිම් එකට salli 14311,Personal Care
වෙනත් 41621,Other
වතුර බිල 38035,Utilities
pizza 12903,Food
alms salli 43500,Gifts & Charity
දානය Rs.13444,Gifts & Charity
match ticket Rs.17458,Entertainment
loan 7430,Finance
8360 online course,Education
vacation Rs.48579,Entertainment
වෙනත් 27663,Other
44407 party,Entertainment
පෑන් පැන්සල් Rs.20418,Education
27051 fuel,Transport
pizza salli 33519,Food
insurance Rs.18417,Finance
furniture salli 1425,Shopping
grocery salli 48522,Shopping
7924 spa,Personal Care
shampoo Rs.21802,Shopping
soap Rs.33961,Personal Care
9359 cinema,Entertainment
beheth 33948,Health
birthday Rs.24017,Gifts & Charity
coffee salli 34741,Food
මේකප් 48345,Personal Care
eye check 725,Health
supermarket salli 38921,Shopping
37711 present,Gifts & Charity
shaving salli 3342,Personal Care
spa 16392,Personal Care
crypto Rs.43590,Finance
wedding Rs.45330,Gifts & Charity
32520 rice bag,Shopping
41464 තෑගි,Gifts & Charity
offer salli 20647,Gifts & Charity
misc salli 35711,Other
17179 shoppin,Shopping
රීලෝඩ් 13982,Utilities
29470 general,Other
spent salli 40137,Other
panthi 26500,Education
finance 16307,Finance
38716 bill,Utilities
drink salli 41238,Food
fish 11991,Shopping
poth 7225,Education
35687 ට්‍රිප්,Entertainment
shaving salli 25274,Personal Care
cargills 2105,Shopping
pen and paper salli 22069,Education
37413 supermarket,Shopping
30607 drink,Food
බෙහෙත් වලට Rs.41313,Health
cargills 25048,Shopping
religious Rs.44602,Gifts & Charity
29424 drink,Food
මුදල් 19833,Other
කඩෙන් කෑවා 47314,Food
kewa Rs.15358,Food
44647 ට්‍රිප්,Entertainment
bike service Rs.24239,Transport
loan 1749,Finance
shaving salli 22283,Personal Care
dialog Rs.28705,Utilities
kewa salli 17819,Food
26345 game,Entertainment
11102 beauty,Personal Care
සැලෝන් එකට Rs.21124,Personal Care
සෙල්ලම් කරන්න 40285,Entertainment
11146 garbage fee,Utilities
library salli 4572,Education
9922 rice,Food
meat Rs.5785,Shopping
fare Rs.29297,Transport
salon salli 35422,Personal Care
වෙනත් salli 22488,Other
wedding salli 38415,Gifts & Charity
trimming Rs.19581,Personal Care
පෑන් පැන්සල් Rs.16330,Education
අතින් ගියා salli 8859,Other
1840 furniture,Shopping
33020 data,Utilities
24284 general,Other
street food 20257,Food
beheth 23622,Health
38613 බිල් එකට,Utilities
14351 tuk,Transport
33940 channeling,Health
meat 1694,Shopping
wedding 35078,Gifts & Charity
party salli 12934,Entertainment
අතමාරුව 26866,Finance
නයි පියවන්න salli 5802,Finance
beer Rs.25891,Entertainment
නයි පියවන්න 24965,Finance
ඉන්ෂුවරන්ස් 15054,Finance
uber 41356,Transport
hair cut Rs.9085,Personal Care
credit card salli 42762,Finance
movie salli 33593,Entertainment
broadband salli 20328,Utilities
48043 නිකම්ම,Other
watch Rs.20920,Shopping
credit card salli 2124,Finance
31665 burger,Food
auto 570,Transport
cash salli 29548,Other
10525 cash,Other
ආධාර salli 13997,Gifts & Charity
wifi Rs.30067,Utilities
25737 breakfast,Food
subway salli 14538,Food
4779 බත්,Food
parking 18130,Transport
hair color salli 949,Personal Care
ත්‍රීවීල් salli 39310,Transport
slt bill 8881,Utilities
season 45435,Transport
fare Rs.22717,Transport
24368 pocket money,Other
ඩොක්ටර්ට 5003,Health
gas salli 37784,Utilities
skincare 37226,Personal Care
donation salli 22038,Gifts & Charity
office go Rs.44647,Transport
rice bag salli 49980,Shopping
බෙහෙත් වලට 12455,Health
ට්‍රිප් salli 18725,Entertainment
30368 medicine,Health
credit card 16001,Finance
පින් වලට salli 9252,Gifts & Charity
general 24619,Other
taxi Rs.37199,Transport
gaming 46554,Entertainment
supermarket salli 30461,Shopping
ආධාර Rs.28823,Gifts & Charity
ticket 41409,Transport
12295 other,Other
keells Rs.25028,Shopping
1336 vegetables,Shopping
කොණ්ඩය කැපුවා 49906,Personal Care
fuel 23878,Transport
workshop Rs.2249,Education
transport cost salli 17424,Transport
6204 වෙනත්,Other
14924 soap,Personal Care
show Rs.39653,Entertainment
tshirt Rs.18183,Shopping
misc 9206,Other
insurance Rs.30187,Finance
operation Rs.37423,Health
අතමාරු ගත්තා Rs.33770,Finance
ලයිට් බිල salli 29259,Utilities
25810 vehicle repair,Transport
netflix salli 27095,Entertainment
poth 13391,Education
concert salli 26651,Entertainment
නිකම්ම 31643,Other
13853 medical test,Health
street food salli 22440,Food
12618 shoppin,Shopping
45903 ෆිල්ම්,Entertainment
lost salli 16199,Other
9466 poth,Education
general salli 5053,Other
20151 vitamin,Health
16122 rice,Food
bus salli 37551,Transport
medicine 23111,Health
පෑන් පැන්සල් Rs.44343,Education
netflix salli 24490,Entertainment
ayurvedic 2593,Health
biscuit 41958,Food
snacks 40626,Food
other Rs.35276,Other
bag Rs.34626,Shopping
party Rs.12597,Entertainment
35995 library,Education
පින් වලට 27598,Gifts & Charity
workshop Rs.48330,Education
44893 ආධාර,Gifts & Charity
පෑන් පැන්සල් salli 35119,Education
fuel Rs.34184,Transport
cool drink salli 32185,Food
6580 pharmacy,Health
34116 match ticket,Entertainment
perfume 49805,Personal Care
clothes salli 12429,Shopping
hair cut salli 17706,Personal Care
lost Rs.7857,Other
fitness 36920,Health
හොස්පිට්ල් 40759,Health
religious salli 41743,Gifts & Charity
39209 බත්,Food
1582 lost,Other
shampoo salli 14617,Shopping
පෙට්‍රල් 26508,Transport
tuition Rs.42287,Education
don't know salli 43227,Other
3077 outing,Entertainment
අතමාරුව salli 47809,Finance
26870 කෝස් එකට,Education
watch Rs.15312,Shopping
bank fee Rs.3803,Finance
25640 vitamin,Health
wedding salli 45781,Gifts & Charity
11119 loan,Finance
recharge 40026,Utilities
vegetables salli 27562,Shopping
doctor salli 20977,Health
23117 hospital,Health
බෙහෙත් වලට salli 43801,Health
reload Rs.15720,Utilities
youtube premium salli 4920,Entertainment
කොණ්ඩය කැපුවා 10919,Personal Care
spent Rs.47867,Other
තේ බොන්න salli 30407,Food
විනෝදෙට 12734,Entertainment
train Rs.46797,Transport
short eats 5708,Food
gaming Rs.3105,Entertainment
තෙල් Rs.39188,Transport
24646 auto,Transport
spotify salli 36383,Entertainment
unknown 26703,Other
fare Rs.25522,Transport
clothes 49343,Shopping
insurance salli 41800,Finance
11799 furniture,Shopping
party Rs.17226,Entertainment
බර්ත්ඩේ salli 29659,Gifts & Charity
body lotion Rs.34331,Personal Care
alms salli 48777,Gifts & Charity
18385 gas,Utilities
milk powder Rs.39609,Shopping
medicine Rs.41916,Health
33812 leasing,Finance
hair cut Rs.28156,Personal Care
35912 cool drink,Food
outing Rs.4817,Entertainment
vitamin salli 33468,Health
38240 පෙට්‍රල්,Transport
degree 61,Education
9688 අතමාරු ගත්තා,Finance
11523 finance,Finance
43346 streaming,Entertainment
watch Rs.22637,Shopping
bag salli 16752,Shopping
cinema 32440,Entertainment
13318 class fee,Education
leasing Rs.34324,Finance
finance 19716,Finance
spa Rs.7456,Personal Care
hair cut 13288,Personal Care
broadband Rs.37660,Utilities
dhal Rs.34169,Shopping
course Rs.12503,Education
ආධාර 46439,Gifts & Charity
tire change Rs.36446,Transport
7277 rice,Food
තෙල් Rs.6295,Transport
නිකම්ම 27062,Other
46603 vacation,Entertainment
cash salli 13917,Other
pocket money Rs.5426,Other
hoppers Rs.24718,Food
general 23546,Other
ayurvedic salli 31440,Health
eye check 23735,Health
hutch 25488,Utilities
20229 kitchen items,Shopping
12395 trip,Entertainment
lab 40465,Health
skincare Rs.49792,Personal Care
uber 36725,Transport
facewash Rs.2219,Personal Care
crypto salli 37633,Finance
channeling Rs.10866,Health
vacation Rs.41563,Entertainment
religious 310,Gifts & Charity
2499 bike service,Transport
birthday Rs.37871,Gifts & Charity
club salli 14439,Entertainment
youtube premium 31975,Entertainment
panthi Rs.48431,Education
kottu 7668,Food
වෙනත් Rs.18510,Other
meat salli 29109,Shopping
vehicle repair 24407,Transport
36495 නයි පියවන්න,Finance
34016 මුදල්,Other
dental 25140,Health
දවල් කෑමට Rs.48047,Food
concert 25167,Entertainment
train 28028,Transport
netflix salli 19258,Entertainment
makeup Rs.38154,Personal Care
concert Rs.47430,Entertainment
lost salli 34518,Other
beheth salli 38124,Health
trimming Rs.13589,Personal Care
පින් වලට salli 687,Gifts & Charity
gaming 24421,Entertainment
19530 doctor,Health
doctor 5234,Health
class fee Rs.32145,Education
subway Rs.48554,Food
මුදල් Rs.47606,Other
parking Rs.545,Transport
704 keells,Shopping
highway toll salli 23309,Transport
නයි පියවන්න Rs.25127,Finance
panthi Rs.10127,Education
22448 unknown,Other
panthi 46609,Education
clinic 20105,Health
offer Rs.38797,Gifts & Charity
පොත් වලට Rs.12061,Education
udemy salli 7747,Education
unknown Rs.13468,Other
taxi salli 35254,Transport
facewash 15735,Personal Care
other salli 30321,Other
daraz salli 38497,Shopping
විනෝදෙට salli 23753,Entertainment
45748 gift,Gifts & Charity
library salli 24157,Education
investment 42272,Finance
9783 medical test,Health
offer salli 41731,Gifts & Charity
credit card 44540,Finance
beach salli 15254,Entertainment
lunch Rs.40439,Food
panadol Rs.43076,Health
15634 කෑම,Food
interest salli 10898,Finance
13374 pocket money,Other
trimming salli 32758,Personal Care
34405 course,Education
6973 dinner,Food
dentist 38795,Health
29111 class fee,Education
gift salli 29544,Gifts & Charity
diesel 19804,Transport
මේකප් 27474,Personal Care
library salli 32724,Education
32885 බිල් එකට,Utilities
doctor 35260,Health
5396 breakfast,Food
21162 offer,Gifts & Charity
පෙට්‍රල් Rs.46306,Transport
payment salli 43793,Finance
14043 පන්ති ගාස්තු,Education
library Rs.33912,Education
youtube premium 16124,Entertainment
බස් එකට salli 45782,Transport
pizza Rs.1996,Food
netflix Rs.19873,Entertainment
42633 don't know,Other
විනෝදෙට salli 39733,Entertainment
10276 insurance,Finance
4100 youtube premium,Entertainment
වතුර බිල salli 11187,Utilities
27461 පින් වලට,Gifts & Charity
20043 dhal,Shopping
කෝච්චියට Rs.34462,Transport
23610 interest,Finance
stationary 13497,Education
අතමාරු ගත්තා 26760,Finance
bill 250,Utilities
25482 වතුර බිල,Utilities
coursera salli 19747,Education
beer 15586,Entertainment
fuel Rs.42140,Transport
parking salli 41379,Transport
supermarket Rs.43333,Shopping
රෑ කෑම salli 9198,Food
pin 40833,Gifts & Charity
rice and curry 45196,Food
1522 finance,Finance
trip salli 7265,Entertainment
birthday 4901,Gifts & Charity
13967 data,Utilities
meat salli 43233,Shopping
credit card 45153,Finance
නයි පියවන්න salli 28889,Finance
concert Rs.44442,Entertainment
14321 පින් වලට,Gifts & Charity
stock salli 970,Finance
hotel bill 35457,Food
charity Rs.7825,Gifts & Charity
sugar 9398,Shopping
hospital Rs.27842,Health
shoes Rs.8446,Shopping
car wash salli 36089,Transport
snacks 28310,Food
offer salli 31548,Gifts & Charity
outing 42779,Entertainment
supermarket Rs.48925,Shopping
34638 credit card,Finance
නිකම්ම Rs.24204,Other
spotify Rs.20027,Entertainment
soap 12953,Personal Care
club 33283,Entertainment
පින් වලට Rs.48195,Gifts & Charity
parking Rs.46164,Transport
party Rs.49659,Entertainment
show salli 41157,Entertainment
13912 current bill,Utilities
degree salli 7418,Education
home rent Rs.6595,Utilities
birthday Rs.23116,Gifts & Charity
reload salli 7419,Utilities
trimming 49360,Personal Care
27463 perfume,Personal Care
spent salli 2731,Other
fare salli 32735,Transport
misc Rs.43954,Other
present Rs.16214,Gifts & Charity
23610 makeup,Personal Care
4244 match ticket,Entertainment
data Rs.36081,Utilities
11006 beauty,Personal Care
coursera salli 47834,Education
49744 පින් වලට,Gifts & Charity
33783 hoppers,Food
outing 24134,Entertainment
38171 interest,Finance
pharmacy salli 48097,Health
ත්‍රීවීල් 8152,Transport
ට්‍රිප් salli 14736,Entertainment
body lotion Rs.9387,Personal Care
pin 38397,Gifts & Charity
40506 ලයිට් බිල,Utilities
ත්‍රීවීල් salli 46713,Transport
180 බත්,Food
24274 milk powder,Shopping
fare 11958,Transport
unknown 44959,Other
42405 don't know,Other
25153 poth,Education
20908 wedding,Gifts & Charity
beheth 32744,Health
ට්‍රිප් salli 44049,Entertainment
crypto salli 44858,Finance
dental salli 38161,Health
dansal Rs.49288,Gifts & Charity
කෝස් එකට salli 29405,Education
loan salli 37427,Finance
cash 40372,Other
5150 furniture,Shopping
alms salli 35576,Gifts & Charity
27053 present,Gifts & Charity
short eats salli 45309,Food
other 34684,Other
soap 12054,Personal Care
දවල් කෑමට Rs.21173,Food
panadol salli 4289,Health
dentist salli 3796,Health
shaving 20195,Personal Care
මුදල් Rs.45573,Other
ෆිල්ම් Rs.49535,Entertainment
32972 spa,Personal Care
party Rs.17856,Entertainment
ණය Rs.38444,Finance
arpico salli 36509,Shopping
23497 course,Education
7234 ලයිට් බිල,Utilities
fitness 43310,Health
බර්ත්ඩේ salli 42729,Gifts & Charity
කොණ්ඩය කැපුවා 8845,Personal Care
cargills salli 377,Shopping
club salli 45440,Entertainment
outing salli 32475,Entertainment
beach salli 8786,Entertainment
විනෝදෙට salli 26721,Entertainment
තෙල් salli 983,Transport
ආධාර Rs.31123,Gifts & Charity
mobitel salli 22380,Utilities
wedding Rs.8731,Gifts & Charity
45176 vehicle repair,Transport
rice and curry salli 24640,Food
23271 party,Entertainment
operation salli 29252,Health
lab 29796,Health
meat salli 481,Shopping
pen and paper 11865,Education
body lotion Rs.22039,Personal Care
මේකප් Rs.19231,Personal Care
දානය Rs.18512,Gifts & Charity
show salli 41226,Entertainment
ඩොක්ටර්ට Rs.29360,Health
34906 other,Other
pharmacy 31549,Health
exam fee salli 47612,Education
බර්ත්ඩේ 49373,Gifts & Charity
වෙනත් Rs.45843,Other
බෙහෙත් වලට salli 21743,Health
helping 29954,Gifts & Charity
cash salli 47500,Other
liquor 31208,Entertainment
පින් වලට salli 1373,Gifts & Charity
ලෝන් එකට Rs.18307,Finance
කෝස් එකට 33647,Education
operation salli 15290,Health
leasing Rs.49986,Finance
internet Rs.19134,Utilities
crypto salli 37211,Finance
course 33402,Education
bag salli 26424,Shopping
ඩොක්ටර්ට Rs.33822,Health
garbage fee 10061,Utilities
මේකප් Rs.22433,Personal Care
wedding Rs.4762,Gifts & Charity
class fee Rs.32078,Education
23026 rice,Food
hospital salli 23292,Health
bill 14516,Utilities
soap salli 1077,Personal Care
ණය Rs.29108,Finance
other 11789,Other
41078 adventure,Entertainment
insurance salli 21013,Finance
club Rs.7662,Entertainment
5675 panthi,Education
drink 12630,Food
other 25169,Other
සෙල්ලම් කරන්න 23820,Entertainment
21457 අතින් ගියා,Other
30496 නයි පියවන්න,Finance
15143 uber,Transport
lunch Rs.23074,Food
pants salli 13625,Shopping
car wash 15266,Transport
diesel salli 49501,Transport
degree salli 44984,Education
සැලෝන් එකට salli 28649,Personal Care
fuel Rs.13242,Transport
class fee Rs.27206,Education
medical test 8912,Health
විභාග ගාස්තු Rs.28751,Education
906 pocket money,Other
15746 book,Education
charity Rs.8936,Gifts & Charity
27980 arpico,Shopping
17894 cash,Other
9999 bill,Utilities
unknown 25362,Other
කොණ්ඩය කැපුවා Rs.13281,Personal Care
හොස්පිට්ල් salli 17405,Health
27782 bag,Shopping
41567 petrol,Transport
rice bag Rs.38995,Shopping
soap Rs.44421,Shopping
current bill Rs.14706,Utilities
vitamin 32694,Health
4183 hutch,Utilities
39195 broadband,Utilities
නයි පියවන්න salli 44983,Finance
beach salli 26889,Entertainment
hair cut salli 8098,Personal Care
20148 online course,Education
leasing salli 9943,Finance
dental 41197,Health
hoppers 46146,Food
tuition 30274,Education
පොත් වලට salli 518,Education
තෑගි 6626,Gifts & Charity
cargills Rs.41281,Shopping
loan 38683,Finance
bakery salli 38290,Food
movie Rs.30153,Entertainment
17384 parking,Transport
ticket 49319,Transport
spent 18950,Other
party 8697,Entertainment
23803 highway toll,Transport
hair cut salli 5870,Personal Care
20274 credit card,Finance
barber Rs.13079,Personal Care
sugar Rs.10254,Shopping
liquor salli 45324,Entertainment
මේකප් salli 35846,Personal Care
lab Rs.20818,Health
keells salli 23208,Shopping
ඇඳුම් ගත්තා 3747,Shopping
26676 wade,Food
beauty 30138,Personal Care
lost 629,Other
data 49754,Utilities
21753 tax,Finance
spent Rs.40958,Other
අතමාරු ගත්තා salli 33555,Finance
දානය Rs.21121,Gifts & Charity
kottu salli 21497,Food
adventure salli 7237,Entertainment
hair color 39506,Personal Care
interest salli 46136,Finance
reload 19812,Utilities
spa Rs.27288,Personal Care
phone bill 32913,Utilities
uber Rs.35240,Transport
cash 6520,Other
පෑන් පැන්සල් Rs.33765,Education
coursera salli 27824,Education
alms salli 16814,Gifts & Charity
නයි පියවන්න salli 9662,Finance
හොස්පිට්ල් salli 29627,Health
සැලෝන් එකට salli 1306,Personal Care
පින් වලට Rs.25931,Gifts & Charity
kema Rs.25237,Food
bag 1351,Shopping
wifi Rs.869,Utilities
bakery Rs.23236,Food
coursera Rs.26552,Education
udemy 33208,Education
cinema salli 46816,Entertainment
පොත් වලට 9153,Education
ජිම් එකට Rs.23337,Personal Care
birthday Rs.10930,Gifts & Charity
barber salli 29347,Personal Care
highway toll 18237,Transport
33073 course,Education
shaving Rs.31725,Personal Care
shoes Rs.4849,Shopping
38560 trimming,Personal Care
නයි පියවන්න salli 10729,Finance
2524 rice bag,Shopping
4220 spa,Personal Care
finance salli 26521,Finance
fare 22623,Transport
3919 beheth,Health
birthday Rs.15533,Gifts & Charity
vegetables Rs.43291,Shopping
facewash salli 40877,Personal Care
6987 workshop,Education
25245 skincare,Personal Care
41640 phone bill,Utilities
36792 ණය,Finance
coursera 38094,Education
බනිස් 3867,Food
auto salli 35336,Transport
අතමාරුව Rs.46783,Finance
21619 insurance,Finance
water bill Rs.10436,Utilities
අතින් ගියා salli 27496,Other
train salli 12946,Transport
pocket money Rs.17217,Other
බර්ත්ඩේ salli 11229,Gifts & Charity
subway Rs.12244,Food
shoes salli 11728,Shopping
operation 47978,Health
general Rs.25491,Other
dinner Rs.18562,Food
ඇඳුම් ගත්තා 20829,Shopping
32389 gaming,Entertainment
subway salli 2564,Food
vacation Rs.3157,Entertainment
කොණ්ඩය කැපුවා 21096,Personal Care
43320 vitamin,Health
36826 tshirt,Shopping
විනෝදෙට Rs.37491,Entertainment
broadband 48467,Utilities
interest 48173,Finance
37414 misc,Other
beach 16252,Entertainment
dialog 10778,Utilities
පන්ති ගාස්තු 21279,Education
birthday Rs.43328,Gifts & Charity
breakfast 24235,Food
season Rs.13509,Transport
spent 32375,Other
මේකප් Rs.8828,Personal Care
මේකප් salli 734,Personal Care
stock salli 9309,Finance
panthi salli 3721,Education
shampoo Rs.29656,Shopping
doctor 7685,Health
donation salli 29955,Gifts & Charity
game Rs.46084,Entertainment
bank fee Rs.2871,Finance
cash Rs.47020,Other
dhal Rs.6331,Shopping
pocket money 41368,Other
wade Rs.34360,Food
highway toll salli 16281,Transport
transport cost Rs.39102,Transport
salon Rs.46924,Personal Care
show 40020,Entertainment
40418 pickme food,Food
9413 cash,Other
religious Rs.28941,Gifts & Charity
39914 ලයිට් බිල,Utilities
11102 facewash,Personal Care
බඩු ගත්තා salli 14618,Shopping
pin 36618,Gifts & Charity
salon 11790,Personal Care
18281 අතමාරු ගත්තා,Finance
internet salli 31923,Utilities
15367 snacks,Food
ubereats salli 7898,Food
watch Rs.38965,Shopping
cinema Rs.15897,Entertainment
investment Rs.6239,Finance
health insurance salli 10250,Health
postpaid Rs.5062,Utilities
hoppers salli 34969,Food
hospital 387,Health
5525 grocery,Shopping
මේකප් Rs.49733,Personal Care
supermarket salli 17290,Shopping
34103 රෑ කෑම,Food
medicine Rs.37306,Health
tuition salli 34785,Education
නිකම්ම salli 9382,Other
credit card Rs.41693,Finance
garbage fee salli 7234,Utilities
tuk salli 36235,Transport
netflix 21485,Entertainment
දානය 25501,Gifts & Charity
mobitel salli 31007,Utilities
crypto Rs.32453,Finance
home rent Rs.22268,Utilities
තේ බොන්න 5989,Food
37092 beach,Entertainment
46914 adventure,Entertainment
31952 trimming,Personal Care
pin 46701,Gifts & Charity
dentist Rs.29894,Health
physio salli 12228,Health
සැලෝන් එකට Rs.715,Personal Care
25182 pharmacy,Health
25221 ෆිල්ම්,Entertainment
vehicle repair 28935,Transport
panadol 10966,Health
14206 adventure,Entertainment
movie salli 30064,Entertainment
rice bag 46950,Shopping
fuel 38025,Transport
shoppin salli 535,Shopping
spent 29745,Other
threewheel Rs.49191,Transport
ඩිසල් Rs.27962,Transport
pin salli 32866,Gifts & Charity
kitchen items 48433,Shopping
46972 loan,Finance
8506 fuel,Transport
course salli 42528,Education
beauty salli 23453,Personal Care
46372 pocket money,Other
spent Rs.36420,Other
bag Rs.17005,Shopping
18836 furniture,Shopping
19158 වෙනත්,Other
කඩෙන් කෑවා salli 43165,Food
pocket money salli 42479,Other
pickme food salli 25550,Food
මුදල් Rs.28900,Other
trimming Rs.42133,Personal Care
beer salli 8582,Entertainment
45687 breakfast,Food
pen and paper 35240,Education
other salli 40846,Other
stock Rs.21686,Finance
body lotion Rs.32019,Personal Care
ඉන්ෂුවරන්ස් Rs.22000,Finance
30355 මුදල්,Other
pocket money 47142,Other
cash Rs.39195,Other
බිල් එකට Rs.2015,Utilities
36295 අතමාරුව,Finance
31003 pickme,Transport
rice and curry Rs.31336,Food
fiber salli 31377,Utilities
lost salli 44294,Other
36034 දානය,Gifts & Charity
daraz 15210,Shopping
ෆිල්ම් Rs.1773,Entertainment
32275 car wash,Transport
loan salli 46619,Finance
18233 daraz,Shopping
recharge salli 43762,Utilities
ලෝන් එකට salli 10703,Finance
සපත්තු salli 15763,Shopping
29865 ලයිට් බිල,Utilities
beer salli 1544,Entertainment
shoppin 9253,Shopping
perfume salli 48949,Personal Care
බස් එකට Rs.16465,Transport
trimming Rs.14257,Personal Care
නයි පියවන්න 17273,Finance
සපත්තු Rs.39379,Shopping
medicine Rs.25058,Health
subway salli 40496,Food
මේකප් 26894,Personal Care
class fee salli 27720,Education
stationary salli 22447,Education
burger Rs.47848,Food
highway toll 19592,Transport
season salli 44053,Transport
stationary salli 49609,Education
adventure 13363,Entertainment
cool drink Rs.3765,Food
home rent Rs.46494,Utilities
train Rs.5876,Transport
19161 rice and curry,Food
spa Rs.46072,Personal Care
tea 44117,Food
ඇඳුම් ගත්තා 39038,Shopping
ආධාර 400,Gifts & Charity
ණය 15036,Finance
6168 රීලෝඩ්,Utilities
37282 home rent,Utilities
hutch Rs.48326,Utilities
23983 water bill,Utilities
පොත් වලට 45125,Education
bill Rs.31783,Utilities
unknown salli 37142,Other
pen and paper Rs.6944,Education
other 46109,Other
කෑම 26229,Food
44196 fare,Transport
tshirt Rs.45204,Shopping
cash Rs.30857,Other
panthi 9892,Education
facewash salli 11255,Personal Care
clinic 37599,Health
13638 ayurvedic,Health
46906 concert,Entertainment
milk powder Rs.23224,Shopping
21967 udemy,Education
sugar 44176,Shopping
coffee Rs.24853,Food
12217 keells,Shopping
ආධාර salli 22862,Gifts & Charity
අතමාරුව Rs.46712,Finance
leasing Rs.30622,Finance
ticket Rs.38490,Transport
සපත්තු 18520,Shopping
gas Rs.9205,Utilities
fitness 36578,Health
3416 breakfast,Food
leasing 46811,Finance
garbage fee 7011,Utilities
tire change salli 28559,Transport
cash salli 31824,Other
40751 tax,Finance
health insurance salli 30855,Health
22968 book,Education
don't know Rs.33251,Other
46986 gift,Gifts & Charity
dentist Rs.45378,Health
medical test Rs.34557,Health
hospital 9835,Health
panthi Rs.25228,Education
taxi Rs.32458,Transport
data Rs.18825,Utilities
36682 පන්ති ගාස්තු,Education
1545 වෙනත්,Other
broadband salli 14592,Utilities
12992 show,Entertainment
2717 spa,Personal Care
watch salli 32889,Shopping
අතින් ගියා salli 13917,Other
දවල් කෑමට Rs.5488,Food
අතමාරුව 17867,Finance
3543 meat,Shopping
ඇඳුම් ගත්තා salli 5116,Shopping
tshirt salli 13918,Shopping
beach salli 33028,Entertainment
credit card Rs.11574,Finance
pizza salli 36763,Food
30483 tire change,Transport
බනිස් Rs.25227,Food
42311 කොණ්ඩය කැපුවා,Personal Care
දානය Rs.18843,Gifts & Charity
49185 data,Utilities
ෆාමසි salli 5573,Health
10579 අතමාරු ගත්තා,Finance
කොත්තු salli 12432,Food
charity salli 25432,Gifts & Charity
sugar salli 37332,Shopping
pocket money salli 31597,Other
biscuit salli 30108,Food
8271 පොත් වලට,Education
operation Rs.23761,Health
club 5957,Entertainment
5327 clothes,Shopping
shaving salli 32907,Personal Care
highway toll 18904,Transport
netflix 39131,Entertainment
arpico salli 44894,Shopping
panthi salli 10700,Education
25019 watch,Shopping
lost salli 48,Other
සැලෝන් එකට 984,Personal Care
show Rs.36102,Entertainment
class fee 31057,Education
university Rs.45408,Education
snacks Rs.16896,Food
33273 පොත් වලට,Education
trimming Rs.1941,Personal Care
4880 birthday,Gifts & Charity
vehicle repair 24988,Transport
ලෝන් එකට 24972,Finance
present Rs.21444,Gifts & Charity
gym salli 166,Personal Care
milk powder salli 14462,Shopping
පෑන් පැන්සල් 18066,Education
lost salli 43184,Other
28730 body lotion,Personal Care
තෙල් 1629,Transport
salon 29725,Personal Care
18301 රීලෝඩ්,Utilities
shaving Rs.35619,Personal Care
මුදල් 38315,Other
eye check Rs.40514,Health
මුදල් salli 28785,Other
තේ බොන්න Rs.44590,Food
spa Rs.11483,Personal Care
hotel bill salli 45039,Food
cargills 30076,Shopping
46933 book,Education
26543 makeup,Personal Care
බෙහෙත් වලට Rs.25547,Health
වතුර බිල Rs.2826,Utilities
27362 pickme food,Food
5537 කෑම,Food
youtube premium salli 28006,Entertainment
misc salli 9287,Other
ජිම් එකට salli 8614,Personal Care
cash 35918,Other
fiber 25910,Utilities
degree 20908,Education
keells 8559,Shopping
general salli 42860,Other
match ticket 28100,Entertainment
water bill 7953,Utilities
23143 furniture,Shopping
show Rs.23831,Entertainment
cool drink 17025,Food
bag 38669,Shopping
hair cut 34126,Personal Care
physio salli 37348,Health
shaving salli 17449,Personal Care
other salli 3900,Other
pants 54,Shopping
barber 43650,Personal Care
grocery 11585,Shopping
ticket salli 19479,Transport
snacks salli 24862,Food
udemy salli 271,Education
4457 gift,Gifts & Charity
tshirt 6938,Shopping
tuition salli 23039,Education
ඉන්ෂුවරන්ස් Rs.4245,Finance
religious 29159,Gifts & Charity
4432 university,Education
මුදල් Rs.10789,Other
bill salli 16488,Utilities
netflix salli 44564,Entertainment
4811 මුදල්,Other
liquor Rs.22405,Entertainment
recharge salli 48330,Utilities
48897 පෙට්‍රල්,Transport
payment Rs.18367,Finance
season 6965,Transport
degree salli 45942,Education
helping Rs.35312,Gifts & Charity
33173 finance,Finance
trimming 24433,Personal Care
pen and paper Rs.37917,Education
34728 misc,Other
tire change 44622,Transport
medicine Rs.24815,Health
daraz 9331,Shopping
සැලෝන් එකට salli 9063,Personal Care
14089 leasing,Finance
අතින් ගියා Rs.7049,Other
biscuit 6754,Food
ෆාමසි salli 14397,Health
threewheel salli 41649,Transport
4517 car wash,Transport
leasing salli 20367,Finance
degree salli 16979,Education
transport cost Rs.48562,Transport
clinic 48136,Health
8365 crypto,Finance
ලෝන් එකට Rs.38595,Finance
phone bill Rs.37695,Utilities
47401 soap,Personal Care
stationary salli 23976,Education
outing 26894,Entertainment
13699 ඉන්ෂුවරන්ස්,Finance
31755 club,Entertainment
drink Rs.24954,Food
petrol Rs.33585,Transport
charity Rs.19547,Gifts & Charity
panthi salli 12888,Education
restaurant salli 43997,Food
beer salli 14281,Entertainment
crypto 2388,Finance
47312 makeup,Personal Care
වෙනත් salli 22709,Other
eye check 29198,Health
රීලෝඩ් salli 31442,Utilities
pharmacy salli 23546,Health
15069 doctor,Health
wade 30277,Food
10111 physio,Health
පින් වලට salli 34488,Gifts & Charity
hospital Rs.11278,Health
කොණ්ඩය කැපුවා salli 10259,Personal Care
car wash 45196,Transport
general 28663,Other
pants Rs.11748,Shopping
water bill salli 25422,Utilities
49590 tire change,Transport
dentist 6715,Health
restaurant salli 9767,Food
reload salli 20228,Utilities
bag Rs.14245,Shopping
lost Rs.24902,Other
13152 gift,Gifts & Charity
bike service salli 14432,Transport
coursera 5382,Education
5072 ඉන්ෂුවරන්ස්,Finance
39245 offer,Gifts & Charity
class fee 25673,Education
47611 clinic,Health
බර්ත්ඩේ 28249,Gifts & Charity
බඩු ගත්තා 12760,Shopping
prepaid 28302,Utilities
unknown 41625,Other
operation Rs.47609,Health
30265 show,Entertainment
48221 alms,Gifts & Charity
wade 40480,Food
class fee salli 44895,Education
spa salli 268,Personal Care
pin 32739,Gifts & Charity
31085 grocery,Shopping
37915 internet,Utilities
32735 transport cost,Transport
29172 donation,Gifts & Charity
තෑගි 29345,Gifts & Charity
ෆිල්ම් 9211,Entertainment
සෙල්ලම් කරන්න salli 32657,Entertainment
breakfast 21210,Food
21099 don't know,Other
phone bill Rs.32019,Utilities
28706 කොණ්ඩය කැපුවා,Personal Care
අතින් ගියා Rs.36078,Other
බඩු ගත්තා Rs.20728,Shopping
course salli 23095,Education
stock salli 42064,Finance
bill Rs.9670,Utilities
coffee 29086,Food
credit card Rs.32988,Finance
43671 internet,Utilities
spent 16871,Other
21868 leasing,Finance
4573 කෝච්චියට,Transport
2432 stock,Finance
12786 දවල් කෑමට,Food
විනෝදෙට salli 42847,Entertainment
සැලෝන් එකට salli 1208,Personal Care
දවල් කෑමට salli 11465,Food
uber 37695,Transport
වතුර බිල 24549,Utilities
postpaid 27756,Utilities
28117 present,Gifts & Charity
course salli 21756,Education
bank fee salli 10895,Finance
university 6731,Education
netflix 500,Entertainment
birthday salli 14061,Gifts & Charity
fare salli 9598,Transport
medicine salli 23566,Health
gaming 13975,Entertainment
parking salli 26595,Transport
lost salli 49366,Other
eye check 13938,Health
birthday Rs.23778,Gifts & Charity
46622 other,Other
46722 පෙට්‍රල්,Transport
ticket Rs.16127,Transport
5078 ලෝන් එකට,Finance
hospital Rs.8223,Health
397 vitamin,Health
ayurvedic Rs.10505,Health
16513 පන්ති ගාස්තු,Education
දානය salli 12207,Gifts & Charity
45534 highway toll,Transport
43394 donation,Gifts & Charity
bus Rs.12192,Transport
pharmacy salli 32705,Health
channeling 25734,Health
27797 මේකප්,Personal Care
මුදල් 27451,Other
sugar salli 25821,Shopping
physio 36952,Health
crypto 42151,Finance
fuel Rs.28750,Transport
prepaid 19983,Utilities
1897 parking,Transport
trip 30826,Entertainment
28256 lost,Other
20044 stock,Finance
46403 pocket money,Other
45803 hair color,Personal Care
19708 stock,Finance
11607 බනිස්,Food
19471 සැලෝන් එකට,Personal Care
barber salli 24841,Personal Care
විභාග ගාස්තු 9498,Education
15275 car wash,Transport
leasing Rs.32444,Finance
hair color 8472,Personal Care
22208 makeup,Personal Care
youtube premium salli 43040,Entertainment
13412 watch,Shopping
vacation Rs.43211,Entertainment
24920 streaming,Entertainment
බඩු ගත්තා salli 47263,Shopping
23425 ඉන්ෂුවරන්ස්,Finance
current bill salli 26448,Utilities
misc 8906,Other
lost 19946,Other
පන්ති ගාස්තු salli 15481,Education
car wash 34677,Transport
dansal 14008,Gifts & Charity
hair cut Rs.46508,Personal Care
match ticket salli 16616,Entertainment
9913 ආධාර,Gifts & Charity
12909 investment,Finance
20528 keells,Shopping
dansal 35285,Gifts & Charity
doctor Rs.14967,Health
credit card Rs.45370,Finance
fitness 28448,Health
48117 game,Entertainment
32575 hutch,Utilities
බර්ත්ඩේ salli 47560,Gifts & Charity
transport cost 34308,Transport
rice and curry Rs.48005,Food
6629 ඩොක්ටර්ට,Health
spent 36154,Other
mobitel 48092,Utilities
බිල් එකට Rs.25266,Utilities
විනෝදෙට 9931,Entertainment
beauty Rs.469,Personal Care
fare 6536,Transport
internet Rs.9497,Utilities
hair color Rs.15395,Personal Care
channeling salli 16639,Health
අතමාරු ගත්තා 26873,Finance
dental Rs.44139,Health
game Rs.43497,Entertainment
බර්ත්ඩේ Rs.12936,Gifts & Charity
33097 pharmacy,Health
trimming Rs.42620,Personal Care
party 35217,Entertainment
වතුර බිල salli 9939,Utilities
leasing 15404,Finance
season 46933,Transport
alms 10515,Gifts & Charity
physio 18991,Health
investment Rs.15733,Finance
hair color salli 12854,Personal Care
16980 operation,Health
බර්ත්ඩේ 7888,Gifts & Charity
gaming salli 2227,Entertainment
pharmacy salli 28972,Health
46188 unknown,Other
gas Rs.6733,Utilities
26628 තෑගි,Gifts & Charity
liquor salli 17545,Entertainment
ලයිට් බිල 39112,Utilities
charity 47138,Gifts & Charity
panadol Rs.23750,Health
lab Rs.10000,Health
7211 spent,Other
finance 46285,Finance
concert salli 22820,Entertainment
religious salli 32918,Gifts & Charity
බස් එකට 20456,Transport
16656 eye check,Health
misc 16053,Other
garbage fee salli 34998,Utilities
hair color 47413,Personal Care
කොණ්ඩය කැපුවා Rs.46839,Personal Care
recharge Rs.19225,Utilities
අතමාරුව Rs.37370,Finance
beach Rs.36757,Entertainment
charity salli 2424,Gifts & Charity
බිල් එකට Rs.31308,Utilities
workshop salli 30619,Education
13846 රීලෝඩ්,Utilities
15007 ලෝන් එකට,Finance
class fee 28383,Education
club salli 7527,Entertainment
wedding 36428,Gifts & Charity
health insurance Rs.22846,Health
10999 salon,Personal Care
library Rs.38124,Education
25435 පොත් වලට,Education
wade Rs.10773,Food
33096 චැනලින්,Health
gift salli 25807,Gifts & Charity
කෑම salli 6939,Food
home rent Rs.34321,Utilities
movie salli 16071,Entertainment
මුදල් 28891,Other
clothes salli 15141,Shopping
25643 restaurant,Food
stock Rs.34897,Finance
8512 salon,Personal Care
interest salli 8994,Finance
24302 pizza,Food
lab 41334,Health
සෙල්ලම් කරන්න Rs.33909,Entertainment
41064 මුදල්,Other
clothes Rs.49805,Shopping
shaving Rs.18315,Personal Care
leasing salli 7972,Finance
broadband Rs.3673,Utilities
41678 reload,Utilities
reload Rs.10091,Utilities
8890 වෙනත්,Other
ජිම් එකට 2954,Personal Care
milk powder salli 49554,Shopping
wifi 17786,Utilities
ජිම් එකට Rs.34786,Personal Care
18424 ඉන්ෂුවරන්ස්,Finance
pen and paper Rs.28003,Education
pickme 25051,Transport
birthday Rs.44070,Gifts & Charity
pants Rs.38904,Shopping
arpico Rs.7599,Shopping
අතමාරුව salli 29922,Finance
කෝච්චියට 3481,Transport
snacks salli 46101,Food
misc 24888,Other
street food 5597,Food
game Rs.25527,Entertainment
hospital salli 6444,Health
44587 coffee,Food
adventure 21144,Entertainment
water bill salli 5013,Utilities
body lotion 21831,Personal Care
gift Rs.14727,Gifts & Charity
lost Rs.49035,Other
ticket Rs.48092,Transport
payment salli 44813,Finance
ඇඳුම් ගත්තා 25746,Shopping
4078 milk powder,Shopping
කෝච්චියට 23716,Transport
outing 26509,Entertainment
45517 වතුර බිල,Utilities
විභාග ගාස්තු 11149,Education
gaming Rs.31474,Entertainment
pocket money salli 49895,Other
loan Rs.16273,Finance
cinema Rs.43256,Entertainment
burger salli 38278,Food
ඩිසල් salli 10783,Transport
tshirt salli 31502,Shopping
ඩිසල් 14689,Transport
don't know Rs.32161,Other
ලයිට් බිල salli 12562,Utilities
33831 trimming,Personal Care
daraz salli 16580,Shopping
doctor Rs.26845,Health
lost salli 16753,Other
dental salli 4164,Health
online course salli 1590,Education
pants Rs.20360,Shopping
netflix Rs.48313,Entertainment
doctor 5712,Health
season salli 2237,Transport
degree 22515,Education
payment Rs.20906,Finance
hospital 5230,Health
36473 කෑම,Food
38020 hair cut,Personal Care
makeup Rs.34823,Personal Care
මුදල් 26810,Other
netflix 25632,Entertainment
49547 water bill,Utilities
shoes salli 23444,Shopping
bike service salli 2160,Transport
pocket money 24500,Other
auto 28626,Transport
ෆාමසි 3529,Health
general Rs.14611,Other
hutch salli 48903,Utilities
13810 charity,Gifts & Charity
kewa Rs.13837,Food
threewheel 31534,Transport
34869 tire change,Transport
exam fee 2836,Education
poth Rs.44834,Education
43601 pizza,Food
bike service 17070,Transport
ලෝන් එකට 1426,Finance
පින් වලට Rs.33485,Gifts & Charity
17506 postpaid,Utilities
hospital 47639,Health
18224 වතුර බිල,Utilities
9539 reload,Utilities
කෝස් එකට Rs.2377,Education
බෙහෙත් වලට Rs.13283,Health
16080 අතමාරු ගත්තා,Finance
don't know 44292,Other
offer salli 21056,Gifts & Charity
12526 trip,Entertainment
31849 perfume,Personal Care
17042 අතමාරුව,Finance
පොත් වලට 2598,Education
leasing Rs.17525,Finance
pharmacy Rs.19864,Health
ජිම් එකට salli 10505,Personal Care
dentist Rs.20585,Health
internet Rs.43746,Utilities
49869 water bill,Utilities
gym 27142,Personal Care
cash Rs.44641,Other
alms Rs.8016,Gifts & Charity
offer salli 312,Gifts & Charity
concert Rs.13108,Entertainment
degree Rs.45275,Education
general salli 43204,Other
34777 සැලෝන් එකට,Personal Care
කඩෙන් කෑවා 31170,Food
වෙනත් salli 6621,Other
pickme salli 27233,Transport
අතින් ගියා 38462,Other
leasing Rs.21175,Finance
39099 interest,Finance
35220 sugar,Shopping
31597 adventure,Entertainment
ඉන්ෂුවරන්ස් salli 3862,Finance
19776 class fee,Education
13237 helping,Gifts & Charity
fiber 28006,Utilities
3256 auto,Transport
mobitel Rs.27295,Utilities
present salli 9576,Gifts & Charity
car wash 42937,Transport
outing salli 29418,Entertainment
41976 බිල් එකට,Utilities
keells 1357,Shopping
1452 wifi,Utilities
පින් වලට salli 34408,Gifts & Charity
shampoo Rs.28535,Shopping
beauty salli 32547,Personal Care
14688 ෆාමසි,Health
highway toll 48672,Transport
prepaid 20785,Utilities
spotify salli 14058,Entertainment
slt bill salli 43274,Utilities
සෙල්ලම් කරන්න salli 29282,Entertainment
21341 beauty,Personal Care
45826 taxi,Transport
8070 birthday,Gifts & Charity
bank fee Rs.10118,Finance
22025 birthday,Gifts & Charity
7824 hospital,Health
22417 ඩිසල්,Transport
මුදල් Rs.21453,Other
university 32216,Education
beer salli 2794,Entertainment
තේ බොන්න salli 24258,Food
තෙල් 47989,Transport
කොණ්ඩය කැපුවා Rs.21863,Personal Care
sugar Rs.40675,Shopping
helping salli 6770,Gifts & Charity
12577 other,Other
කොණ්ඩය කැපුවා Rs.29128,Personal Care
soap Rs.24918,Personal Care
30255 tire change,Transport
broadband Rs.16681,Utilities
pen and paper 21407,Education
soap salli 27460,Shopping
rice bag 30150,Shopping
bakery salli 16017,Food
offer Rs.32493,Gifts & Charity
match ticket salli 11532,Entertainment
spa Rs.9457,Personal Care
medicine Rs.26782,Health
home rent 24418,Utilities
soap Rs.48787,Personal Care
40493 hair color,Personal Care
bank fee Rs.10234,Finance
game 22809,Entertainment
49482 club,Entertainment
තෑගි 29998,Gifts & Charity
medical test Rs.13474,Health
31235 general,Other
4483 parking,Transport
23632 present,Gifts & Charity
දවල් කෑමට salli 30946,Food
snacks 42258,Food
unknown salli 49883,Other
uber 23634,Transport
කොණ්ඩය කැපුවා salli 26127,Personal Care
40381 pants,Shopping
ticket Rs.20065,Transport
19148 misc,Other
652 udemy,Education
car wash Rs.46302,Transport
kottu salli 29008,Food
16270 lab,Health
other salli 31532,Other
other salli 9858,Other
postpaid 33448,Utilities
6800 coffee,Food
48985 නිකම්ම,Other
23338 රීලෝඩ්,Utilities
ayurvedic Rs.44754,Health
party salli 43057,Entertainment
car wash salli 521,Transport
watch Rs.42770,Shopping
medicine salli 28727,Health
දානය salli 9631,Gifts & Charity
pharmacy salli 37100,Health
bag salli 1788,Shopping
lost Rs.18196,Other
broadband salli 6294,Utilities
ආධාර salli 247,Gifts & Charity
26567 තෑගි,Gifts & Charity
tuk 42594,Transport
season salli 8938,Transport
18367 season,Transport
payment salli 44242,Finance
medicine Rs.1048,Health
kitchen items 11090,Shopping
general Rs.43667,Other
match ticket salli 20768,Entertainment
8302 fish,Shopping
drink salli 9495,Food
lab salli 25232,Health
31998 trip,Entertainment
1713 ayurvedic,Health
tea Rs.27470,Food
කොණ්ඩය කැපුවා Rs.27073,Personal Care
wedding salli 1022,Gifts & Charity
බෙහෙත් වලට 24745,Health
2181 broadband,Utilities
cash salli 7972,Other
කොණ්ඩය කැපුවා salli 23000,Personal Care
bike service salli 17771,Transport
tea 9843,Food
reload salli 20859,Utilities
internet 13405,Utilities
uber Rs.4763,Transport
beach salli 11096,Entertainment
pants salli 35787,Shopping
university salli 31159,Education
gaming 25518,Entertainment
arpico 12613,Shopping
other Rs.32611,Other
pocket money salli 22673,Other
sugar Rs.19451,Shopping
ayurvedic salli 41636,Health
don't know salli 44628,Other
watch 39615,Shopping
bag salli 29642,Shopping
game 14439,Entertainment
bank fee salli 40751,Finance
අතමාරු ගත්තා salli 4508,Finance
2017 degree,Education
hutch Rs.21546,Utilities
34168 tax,Finance
class fee 48003,Education
පන්ති ගාස්තු Rs.29664,Education
car wash salli 34013,Transport
meat salli 3551,Shopping
6499 ඩිසල්,Transport
highway toll 19220,Transport
tuk 25411,Transport
garbage fee Rs.12389,Utilities
panadol salli 39739,Health
dansal salli 25233,Gifts & Charity
ෆාමසි Rs.37651,Health
43561 sugar,Shopping
uber Rs.41980,Transport
44973 vacation,Entertainment
shoppin Rs.23620,Shopping
gym Rs.2705,Personal Care
bakery salli 8712,Food
water bill salli 48038,Utilities
eye check 33164,Health
pocket money Rs.29881,Other
pen and paper salli 27,Education
gaming Rs.35368,Entertainment
online course Rs.22883,Education
medicine Rs.49828,Health
data Rs.22385,Utilities
daraz salli 2128,Shopping
spent Rs.29387,Other
hair color salli 40237,Personal Care
22607 පෑන් පැන්සල්,Education
online course salli 20770,Education
book 69,Education
internet Rs.36753,Utilities
බර්ත්ඩේ Rs.33134,Gifts & Charity
දානය 24695,Gifts & Charity
panthi 27840,Education
24758 religious,Gifts & Charity
නයි පියවන්න salli 20481,Finance
සපත්තු salli 41536,Shopping
කෝච්චියට Rs.491,Transport
23029 stock,Finance
furniture 45109,Shopping
tax salli 11565,Finance
hotel bill salli 32669,Food
කෝස් එකට salli 27953,Education
පොත් වලට salli 18442,Education
exam fee 29215,Education
ත්‍රීවීල් salli 8109,Transport
rice bag Rs.21602,Shopping
birthday Rs.11127,Gifts & Charity
tuk Rs.2326,Transport
18190 meat,Shopping
9260 tax,Finance
alms Rs.47716,Gifts & Charity
clothes Rs.21816,Shopping
helping Rs.38933,Gifts & Charity
trimming 6529,Personal Care
threewheel Rs.33441,Transport
4750 පොත් වලට,Education
vegetables salli 42288,Shopping
uber 10385,Transport
30172 vegetables,Shopping
recharge Rs.29413,Utilities
crypto 36030,Finance
33064 internet,Utilities
30961 beheth,Health
netflix 22283,Entertainment
fare 40331,Transport
kewa salli 15318,Food
hoppers salli 22752,Food
slt bill 36629,Utilities
40492 slt bill,Utilities
25102 facewash,Personal Care
electricity salli 21619,Utilities
workshop Rs.14093,Education
tea salli 41355,Food
pickme Rs.4612,Transport
misc salli 22705,Other
5944 short eats,Food
දානය Rs.44911,Gifts & Charity
spent 1642,Other
19614 ubereats,Food
pen and paper Rs.42171,Education
threewheel Rs.47662,Transport
ජිම් එකට salli 31091,Personal Care
shoppin Rs.24006,Shopping
ණය salli 30856,Finance
petrol Rs.14877,Transport
spent Rs.34920,Other
alms 21575,Gifts & Charity
data 2767,Utilities
breakfast Rs.25315,Food
beheth Rs.20432,Health
33811 alms,Gifts & Charity
season salli 36662,Transport
leasing 4516,Finance
data Rs.13325,Utilities
book salli 4579,Education
soap 9163,Personal Care
කෝස් එකට 42198,Education
ඩොක්ටර්ට 3539,Health
අතමාරුව salli 39313,Finance
ෆිල්ම් Rs.20771,Entertainment
පොත් වලට salli 17334,Education
43712 dansal,Gifts & Charity
gym 23944,Personal Care
6141 රීලෝඩ්,Utilities
බඩු ගත්තා Rs.22000,Shopping
grocery 28382,Shopping
31583 interest,Finance
beach salli 49814,Entertainment
27538 විනෝදෙට,Entertainment
clinic 24041,Health
12995 විභාග ගාස්තු,Education
don't know salli 42065,Other
අතමාරුව 24613,Finance
barber salli 44586,Personal Care
general Rs.33694,Other
unknown salli 13935,Other
ආධාර Rs.37955,Gifts & Charity
18822 විභාග ගාස්තු,Education
තේ බොන්න 38744,Food
reload salli 4090,Utilities
show Rs.48796,Entertainment
beach Rs.43358,Entertainment
27268 general,Other
don't know Rs.18430,Other
තෑගි 21336,Gifts & Charity
taxi salli 22197,Transport
religious 28684,Gifts & Charity
crypto 3804,Finance
class fee Rs.17787,Education
11989 පෑන් පැන්සල්,Education
34225 ත්‍රීවීල්,Transport
26361 ඩොක්ටර්ට,Health
investment salli 13571,Finance
cool drink Rs.45802,Food
29763 alms,Gifts & Charity
11473 other,Other
cinema Rs.33981,Entertainment
42736 salon,Personal Care
gas salli 31321,Utilities
slt bill salli 20841,Utilities
37178 මේකප්,Personal Care
hutch Rs.17365,Utilities
university 48493,Education
ගෑස් salli 47178,Utilities
gas salli 47157,Utilities
poth Rs.29607,Education
rice Rs.12235,Food
shampoo salli 38413,Shopping
පෑන් පැන්සල් Rs.35990,Education
වෙනත් Rs.19877,Other
බස් එකට 39673,Transport
28096 offer,Gifts & Charity
9992 rice bag,Shopping
7200 dental,Health
unknown 22598,Other
investment Rs.40473,Finance
බර්ත්ඩේ Rs.48490,Gifts & Charity
bike service salli 27660,Transport
medicine Rs.49667,Health
මුදල් 16503,Other
gym 49379,Personal Care
physio Rs.47183,Health
පන්ති ගාස්තු 16008,Education
office go Rs.19115,Transport
9724 adventure,Entertainment
11918 dental,Health
youtube premium salli 8724,Entertainment
dentist salli 13320,Health
996 degree,Education
බඩු ගත්තා 40199,Shopping
current bill 31709,Utilities
30659 transport cost,Transport
postpaid salli 35139,Utilities
36057 කොත්තු,Food
rice bag Rs.47516,Shopping
dentist salli 880,Health
ට්‍රිප් 40834,Entertainment
netflix Rs.6422,Entertainment
තේ බොන්න 1842,Food
misc salli 34322,Other
car wash Rs.3444,Transport
streaming 3104,Entertainment
fiber 8224,Utilities
trip Rs.14669,Entertainment
medicine Rs.43708,Health
misc Rs.6590,Other
course salli 21852,Education
බස් එකට Rs.5827,Transport
28274 spotify,Entertainment
lost Rs.46307,Other
furniture 33464,Shopping
38108 hair color,Personal Care
cash salli 23904,Other
bus 44958,Transport
health insurance salli 39685,Health
salon salli 17304,Personal Care
දානය 14884,Gifts & Charity
class fee 39751,Education
49857 investment,Finance
30658 trimming,Personal Care
cash salli 17892,Other
lunch Rs.13730,Food
854 home rent,Utilities
finance 5167,Finance
unknown salli 16436,Other
hoppers 7936,Food
rice salli 5833,Food
arpico salli 20019,Shopping
facewash salli 41199,Personal Care
34305 bill,Utilities
hutch 19403,Utilities
short eats salli 20238,Food
pen and paper salli 28401,Education
class fee Rs.1952,Education
doctor 30280,Health
ත්‍රීවීල් salli 37316,Transport
finance 48683,Finance
42814 perfume,Personal Care
38378 insurance,Finance
ෆිල්ම් 36570,Entertainment
26768 දවල් කෑමට,Food
auto salli 17566,Transport
alms Rs.28984,Gifts & Charity
kottu salli 38316,Food
41549 panadol,Health
පොත් වලට Rs.35603,Education
pocket money salli 7269,Other
water bill Rs.14359,Utilities
street food 5477,Food
38530 පොත් වලට,Education
payment Rs.46369,Finance
hutch salli 32662,Utilities
outing Rs.18417,Entertainment
degree 9070,Education
beheth 28125,Health
unknown 5417,Other
40523 cash,Other
ගෑස් Rs.12404,Utilities
46453 පන්ති ගාස්තු,Education
ඇඳුම් ගත්තා salli 35989,Shopping
shoes Rs.17297,Shopping
interest 35577,Finance
dinner Rs.48520,Food
beer 32514,Entertainment
47813 water bill,Utilities
12734 tuk,Transport
cinema 13263,Entertainment
24632 restaurant,Food
panadol salli 32964,Health
drink salli 15466,Food
46195 හොස්පිට්ල්,Health
shaving 28744,Personal Care
shampoo 14855,Shopping
ඇඳුම් ගත්තා Rs.43055,Shopping
පොත් වලට salli 15911,Education
තෑගි Rs.33468,Gifts & Charity
netflix Rs.20424,Entertainment
eye check Rs.13578,Health
25525 daraz,Shopping
27189 pin,Gifts & Charity
panthi 4981,Education
නයි පියවන්න salli 11117,Finance
clinic Rs.36745,Health
23305 බඩු ගත්තා,Shopping
train 37304,Transport
operation Rs.21647,Health
coursera Rs.20925,Education
alms Rs.12218,Gifts & Charity
28500 tuition,Education
ලයිට් බිල 910,Utilities
gift Rs.44046,Gifts & Charity
bank fee Rs.47539,Finance
ආධාර Rs.36572,Gifts & Charity
47923 stationary,Education
workshop salli 32853,Education
42373 medicine,Health
kitchen items salli 35966,Shopping
cash salli 19527,Other
loan Rs.15301,Finance
supermarket Rs.37579,Shopping
game Rs.11557,Entertainment
doctor Rs.38993,Health
skincare salli 39312,Personal Care
පෙට්‍රල් 31446,Transport
investment 40473,Finance
අතමාරු ගත්තා 43865,Finance
birthday Rs.13082,Gifts & Charity
dental 1966,Health
kitchen items 6657,Shopping
hotel bill salli 46433,Food
trip Rs.6803,Entertainment
39425 finance,Finance
donation 44959,Gifts & Charity
crypto salli 25127,Finance
transport cost Rs.25754,Transport
24454 ණය,Finance
41417 ගෑස්,Utilities
spent 42083,Other
don't know Rs.42276,Other
exam fee Rs.38682,Education
library 49397,Education
stationary salli 401,Education
බර්ත්ඩේ salli 15607,Gifts & Charity
furniture salli 6027,Shopping
uber Rs.41865,Transport
workshop Rs.48879,Education
34266 shaving,Personal Care
42579 bus,Transport
27816 present,Gifts & Charity
48131 credit card,Finance
36700 hutch,Utilities
present 14536,Gifts & Charity
37270 supermarket,Shopping
restaurant Rs.15455,Food
charity salli 3969,Gifts & Charity
6215 gym,Personal Care
ලෝන් එකට Rs.6122,Finance
dental 24347,Health
8578 insurance,Finance
recharge salli 21965,Utilities
6055 medicine,Health
44006 දානය,Gifts & Charity
දානය Rs.3794,Gifts & Charity
eye check 43065,Health
kema 31121,Food
පන්ති ගාස්තු Rs.35679,Education
38805 hutch,Utilities
data Rs.32684,Utilities
subway salli 3398,Food
අතමාරුව salli 31173,Finance
23596 පින් වලට,Gifts & Charity
coursera Rs.49344,Education
hutch 20242,Utilities
gym Rs.47311,Personal Care
birthday 28065,Gifts & Charity
watch salli 4992,Shopping
බනිස් Rs.9822,Food
2071 daraz,Shopping
297 beheth,Health
liquor 31684,Entertainment
18955 නිකම්ම,Other
gift 32852,Gifts & Charity
skincare salli 46736,Personal Care
අතමාරු ගත්තා Rs.31045,Finance
postpaid Rs.46300,Utilities
39442 credit card,Finance
ඉන්ෂුවරන්ස් Rs.34251,Finance
beauty 40155,Personal Care
20407 insurance,Finance
gaming 32523,Entertainment
stock salli 13496,Finance
209 birthday,Gifts & Charity
විනෝදෙට 6247,Entertainment
වතුර බිල Rs.10195,Utilities
grocery 42009,Shopping
දානය salli 20424,Gifts & Charity
dhal Rs.42949,Shopping
දානය 10222,Gifts & Charity
40375 show,Entertainment
1517 hospital,Health
lost salli 40687,Other
11092 කඩෙන් කෑවා,Food
helping 49552,Gifts & Charity
